smbpal.sigma_snow smbpal.sigma_melt smbpal.sigma_land smbpal.mm_ice smbpal.mm_snow ydyn.beta_q ytill.cf_ref ydyn.beta_u0 ymat.enh_shear snap.f_p
     6.910      6.910      6.910      8.348      4.024      0.162      1.002     44.290      1.395      0.046
     5.415      5.415      5.415     11.812      6.720      0.652      0.543     15.760      3.549      0.090
     6.245      6.245      6.245     11.980      5.660      0.707      0.530     31.330      3.474      0.074
     7.705      7.705      7.705      9.168      6.540      0.781      0.843     65.170      3.969      0.046
     8.545      8.545      8.545     11.112      4.376      0.241      0.662     12.790      3.501      0.021
     6.060      6.060      6.060      8.528      4.948      0.587      0.959     59.320      1.077      0.063
     5.615      5.615      5.615     10.028      4.256      0.529      1.169     40.420      2.466      0.033
     7.135      7.135      7.135     10.796      6.132      0.544      0.646     67.420      2.571      0.030
     6.665      6.665      6.665      9.152      4.240      0.462      0.814     75.070      3.558      0.034
     5.265      5.265      5.265     10.772      3.376      0.620      0.981     49.960      2.256      0.046
     9.600      9.600      9.600      9.080      4.340      0.799      0.965     50.500      1.155      0.091
     6.605      6.605      6.605     10.820      6.472      0.125      0.754     80.380      2.835      0.090
     7.790      7.790      7.790      8.364      4.800      0.555      0.574     38.440      3.786      0.036
     9.410      9.410      9.410     11.576      4.228      0.833      0.786     22.240      2.622      0.046
     9.980      9.980      9.980      9.724      3.184      0.226      1.120     23.140      1.254      0.078
     9.040      9.040      9.040     11.968      3.092      0.947      0.682     51.760      2.553      0.039
     7.845      7.845      7.845      8.672      5.952      0.887      0.634     95.860      3.144      0.071
     5.240      5.240      5.240      8.452      4.032      0.448      0.554     64.630      1.200      0.046
     8.630      8.630      8.630      8.188      5.240      0.798      0.746     12.070      1.944      0.041
     9.175      9.175      9.175     11.328      5.924      0.131      0.839     62.470      3.561      0.082
     6.665      6.665      6.665     10.220      5.728      0.843      0.512     46.990      2.178      0.062
     8.160      8.160      8.160     11.936      3.072      0.690      1.013     63.730      2.898      0.052
     5.395      5.395      5.395     10.504      3.500      0.848      1.024     54.190      1.635      0.098
     8.080      8.080      8.080      8.972      6.456      0.370      0.972     70.120      2.214      0.073
     8.800      8.800      8.800     11.532      5.704      0.963      0.755     89.470      4.008      0.075
     5.595      5.595      5.595      9.672      4.900      0.494      1.195     94.060      3.537      0.036
     7.415      7.415      7.415     10.004      3.284      0.578      1.027     35.020      2.499      0.044
     6.480      6.480      6.480      9.820      6.560      0.470      0.874     90.730      1.416      0.089
     6.735      6.735      6.735     11.760      5.628      0.215      0.865     82.270      1.617      0.074
     5.660      5.660      5.660     10.224      6.520      0.324      0.635     86.140      1.101      0.096
     7.775      7.775      7.775     11.080      6.380      0.443      1.154     20.170      2.100      0.070
     9.075      9.075      9.075      9.036      5.688      0.905      0.978     43.750      1.335      0.073
     9.275      9.275      9.275      9.844      4.140      0.508      0.417     31.780      3.759      0.053
     7.855      7.855      7.855      8.112      4.236      0.527      0.611     49.060      2.004      0.027
     8.470      8.470      8.470     11.508      4.100      0.694      1.018     64.450      2.487      0.098
     5.150      5.150      5.150     10.188      4.720      0.955      0.765     84.610      3.405      0.091
     6.465      6.465      6.465      8.120      3.992      0.404      1.149     87.130      1.956      0.076
     5.405      5.405      5.405      8.804      6.004      0.983      0.410     54.910      1.683      0.026
     6.985      6.985      6.985      9.092      3.596      0.749      0.914     95.410      3.984      0.024
     9.670      9.670      9.670      8.544      3.152      0.963      0.550     75.250      2.142      0.031
     9.290      9.290      9.290      8.560      3.804      0.317      0.452     99.730      2.124      0.053
     5.230      5.230      5.230     11.524      5.148      0.635      0.795     57.250      1.746      0.094
     7.695      7.695      7.695     11.744      3.928      0.433      0.496     85.330      3.045      0.034
     9.645      9.645      9.645      8.536      6.628      0.875      1.170     73.180      3.864      0.036
     6.765      6.765      6.765      8.644      3.316      0.401      1.117     75.790      2.682      0.069
     9.535      9.535      9.535     11.364      4.280      0.485      0.485     90.820      3.930      0.075
     9.995      9.995      9.995      9.952      5.304      0.897      0.917     56.620      3.684      0.030
     8.440      8.440      8.440      9.348      6.224      0.901      0.688     33.760      2.766      0.031
     7.935      7.935      7.935      8.320      3.932      0.155      0.986     94.060      3.597      0.027
     7.640      7.640      7.640      9.040      4.808      0.387      1.094     28.360      2.454      0.040
     8.875      8.875      8.875      9.980      5.528      0.966      1.040     44.470      2.520      0.035
     7.610      7.610      7.610      8.384      5.568      0.175      0.548     59.770      3.609      0.072
     5.280      5.280      5.280     11.476      6.516      0.857      0.476     53.020      1.953      0.097
     9.830      9.830      9.830      8.616      5.328      0.157      0.514     48.250      1.470      0.093
     6.080      6.080      6.080     10.536      6.448      0.286      1.167     30.520      3.012      0.038
     8.705      8.705      8.705     10.044      5.256      0.256      0.698     45.100      1.779      0.099
     5.490      5.490      5.490      8.952      6.796      0.196      0.662     82.450      2.064      0.022
     6.840      6.840      6.840      9.756      3.716      0.602      0.422     43.930      1.419      0.099
     6.415      6.415      6.415     11.588      3.488      0.737      1.160     53.650      2.766      0.086
     9.430      9.430      9.430     11.720      5.276      0.153      0.831     97.750      2.367      0.042
     7.950      7.950      7.950      8.852      5.260      0.798      1.197     23.410      1.824      0.035
     8.865      8.865      8.865     11.200      6.096      0.867      0.494     13.150      2.820      0.028
     5.665      5.665      5.665      9.956      4.260      0.822      0.600     22.960      3.888      0.083
     6.550      6.550      6.550      8.704      4.604      0.765      1.159     65.080      2.193      0.055
     7.640      7.640      7.640     10.956      4.396      0.431      0.970     30.340      3.348      0.069
     7.745      7.745      7.745      9.840      6.488      0.893      0.720     58.420      1.464      0.036
     8.980      8.980      8.980      9.216      3.508      0.225      0.803     56.710      1.128      0.082
     7.300      7.300      7.300      9.764      4.328      0.991      0.701     76.780      2.823      0.052
     8.545      8.545      8.545      8.376      4.908      0.340      1.083     24.130      1.860      0.042
     8.735      8.735      8.735      9.736      3.588      0.859      0.656     29.080      1.353      0.060
     5.215      5.215      5.215     10.384      5.296      0.752      0.474     55.720      2.133      0.092
     8.380      8.380      8.380     11.952      5.580      0.478      1.030     76.780      3.195      0.068
     6.195      6.195      6.195     11.408      4.768      0.082      0.673     63.280      3.390      0.098
     9.500      9.500      9.500      9.720      3.132      0.676      0.970     41.500      2.628      0.052
     8.275      8.275      8.275      8.312      6.116      0.041      1.099     68.590      2.226      0.088
     8.320      8.320      8.320     10.152      5.904      0.084      0.822     61.930      3.372      0.089
     9.235      9.235      9.235     11.964      3.444      0.597      0.552     86.860      3.324      0.030
     7.720      7.720      7.720     10.312      5.116      0.558      1.150     27.460      1.425      0.075
     7.155      7.155      7.155     10.752      5.900      0.413      0.695     90.100      1.119      0.039
     8.890      8.890      8.890     10.520      6.840      0.415      0.409     51.580      1.320      0.042
     5.640      5.640      5.640      9.060      3.180      0.245      0.846     10.900      2.520      0.093
     8.580      8.580      8.580      9.820      5.172      0.292      0.710     18.550      2.301      0.037
     6.850      6.850      6.850      9.720      6.268      0.137      0.576     66.700      2.391      0.056
     7.970      7.970      7.970     11.196      6.440      0.968      0.751     72.280      2.643      0.049
     5.340      5.340      5.340      8.188      5.920      0.203      1.175     85.150      3.192      0.047
     6.230      6.230      6.230      9.884      4.652      0.726      0.524     16.660      3.246      0.064
     7.825      7.825      7.825     11.236      5.280      0.654      1.094     82.180      3.975      0.054
     5.465      5.465      5.465     11.560      3.008      0.711      0.938     53.830      2.889      0.081
     9.955      9.955      9.955     10.276      3.228      0.242      0.572     20.170      1.572      0.055
     6.260      6.260      6.260      9.356      6.784      0.716      0.762     15.490      3.765      0.077
     9.120      9.120      9.120      8.444      3.716      0.901      0.500     33.400      2.934      0.035
     5.070      5.070      5.070     11.464      3.712      0.565      0.777     36.190      3.651      0.031
     7.285      7.285      7.285      8.292      5.016      0.056      0.931     86.770      2.211      0.077
     7.270      7.270      7.270     10.368      4.416      0.363      0.544     21.520      3.912      0.099
     5.020      5.020      5.020     11.756      3.032      0.631      0.450     79.120      2.322      0.090
     6.330      6.330      6.330     10.752      4.392      0.474      0.551     40.960      3.531      0.046
     5.390      5.390      5.390      8.200      5.460      0.000      0.622     73.900      3.480      0.048
     9.740      9.740      9.740      8.836      4.052      0.452      0.638     24.670      1.911      0.080
     6.285      6.285      6.285     11.156      4.496      0.660      0.894     79.480      1.386      0.056
     8.915      8.915      8.915      9.404      4.176      0.233      0.534     34.030      2.892      0.078
     7.950      7.950      7.950      9.864      3.992      0.739      0.730     40.060      1.746      0.038
     7.175      7.175      7.175      8.076      5.164      0.311      1.179     31.420      2.856      0.036
     7.215      7.215      7.215     10.064      4.864      0.604      0.682     48.520      1.071      0.063
     8.240      8.240      8.240      8.292      4.908      0.535      0.497     91.450      2.349      0.056
     9.810      9.810      9.810      9.740      6.308      0.488      0.926     49.690      3.402      0.094
     7.340      7.340      7.340      8.204      3.432      0.886      0.669     69.940      3.627      0.031
     5.910      5.910      5.910      9.012      4.312      0.708      0.413     77.050      2.496      0.089
     8.720      8.720      8.720     11.328      6.824      0.668      1.033     87.940      2.280      0.022
     7.220      7.220      7.220     11.432      5.412      0.732      0.758     36.910      1.506      0.074
     8.910      8.910      8.910     10.928      6.576      0.990      1.052     88.660      1.065      0.027
     6.235      6.235      6.235      8.896      5.720      0.635      0.655     67.420      3.714      0.073
     5.405      5.405      5.405      9.848      6.848      0.869      1.082     52.570      2.010      0.053
     9.245      9.245      9.245      9.508      5.332      0.035      0.629     70.570      2.136      0.031
     8.670      8.670      8.670      9.212      3.616      0.172      0.991     74.530      2.448      0.025
     9.385      9.385      9.385     10.804      4.140      0.463      0.617     25.030      3.069      0.036
     9.345      9.345      9.345      9.836      3.852      0.884      0.415     85.870      3.087      0.094
     7.690      7.690      7.690      9.828      6.252      0.412      1.178     13.960      2.193      0.088
     8.195      8.195      8.195      8.576      3.488      0.419      0.505     96.400      2.886      0.044
     9.985      9.985      9.985      8.600      3.684      0.146      0.686     88.750      1.251      0.095
     6.285      6.285      6.285     10.076      4.876      0.568      1.034     79.300      1.245      0.061
     5.085      5.085      5.085      8.132      3.612      0.493      0.886     76.960      1.113      0.024
     7.775      7.775      7.775      9.960      3.572      0.965      0.477     34.840      1.674      0.029
     6.795      6.795      6.795     10.360      3.200      0.040      0.546     30.070      1.296      0.027
     8.395      8.395      8.395     11.168      6.284      0.317      0.638     49.600      3.396      0.040
     8.100      8.100      8.100      9.072      5.128      0.995      0.794     68.050      3.552      0.092
     9.115      9.115      9.115      9.260      6.892      0.521      0.565     92.170      1.731      0.072
     7.305      7.305      7.305     11.736      6.240      0.819      0.894     57.430      3.891      0.030
     6.780      6.780      6.780      8.476      5.848      0.648      0.786     71.020      1.134      0.091
     9.585      9.585      9.585      9.644      4.364      0.950      0.660     78.760      1.143      0.065
     6.000      6.000      6.000     10.960      4.256      0.040      0.444     48.070      3.150      0.053
     6.750      6.750      6.750     11.460      6.412      0.510      1.029     68.320      3.981      0.090
     6.905      6.905      6.905     11.492      3.676      0.936      0.904     16.480      2.679      0.052
     8.660      8.660      8.660     10.456      4.344      0.531      0.603     31.150      3.333      0.033
     6.160      6.160      6.160     11.892      4.736      0.412      0.579     88.030      3.360      0.024
     7.855      7.855      7.855     11.036      4.504      0.592      0.573     34.300      3.843      0.024
     9.550      9.550      9.550      9.908      5.388      0.686      0.503     98.560      2.271      0.052
     5.245      5.245      5.245      9.176      3.516      0.923      1.126     70.300      1.638      0.083
     6.020      6.020      6.020     11.212      5.380      0.032      0.558     52.030      2.109      0.076
     7.205      7.205      7.205     10.832      4.008      0.458      1.165     82.900      2.337      0.059
     9.230      9.230      9.230      8.696      5.480      0.826      0.685     41.770      2.832      0.079
     6.805      6.805      6.805      8.860      5.556      0.184      1.188     25.210      1.134      0.083
     8.170      8.170      8.170      8.356      6.372      0.038      0.776     16.030      4.017      0.027
     6.820      6.820      6.820      8.024      5.032      0.622      0.718     12.700      3.597      0.039
     5.365      5.365      5.365      8.980      6.672      0.539      0.954     76.240      2.997      0.087
     6.115      6.115      6.115     10.712      5.404      0.993      1.037     88.660      2.253      0.059
     8.930      8.930      8.930      8.476      3.876      0.846      0.665     48.700      3.120      0.061
     8.085      8.085      8.085      8.376      4.404      0.109      0.762     12.520      1.860      0.057
     5.685      5.685      5.685      8.712      4.288      0.098      0.470     44.920      1.530      0.095
     7.545      7.545      7.545     10.572      4.028      0.525      0.810     76.150      2.976      0.040
     7.090      7.090      7.090     11.780      4.816      0.358      0.819     76.960      1.959      0.051
     8.830      8.830      8.830     10.580      6.364      0.558      1.140     48.700      3.420      0.094
     8.270      8.270      8.270      8.876      4.424      0.729      1.002     34.840      3.093      0.061
     9.090      9.090      9.090      8.636      3.484      0.204      1.054     16.210      1.179      0.058
     9.775      9.775      9.775      9.540      4.588      0.548      1.080     34.570      1.236      0.038
     5.795      5.795      5.795     10.540      4.484      0.057      0.513     58.150      2.013      0.060
     9.425      9.425      9.425     10.884      3.196      0.381      0.716     52.120      2.076      0.058
     6.650      6.650      6.650      9.556      6.564      0.556      0.658     27.190      1.482      0.076
     8.250      8.250      8.250     11.672      5.520      0.637      0.690     50.140      1.035      0.029
     9.515      9.515      9.515     10.640      4.536      0.811      0.770     73.450      2.232      0.034
     9.885      9.885      9.885      9.248      6.696      0.910      0.768     95.140      1.158      0.028
     8.625      8.625      8.625     11.572      6.896      0.228      0.618     22.420      1.332      0.095
     7.075      7.075      7.075      8.992      6.976      0.002      1.132     85.600      1.542      0.066
     9.055      9.055      9.055      8.512      3.964      0.564      1.186     62.380      3.678      0.037
     7.335      7.335      7.335     10.288      4.344      0.986      0.657     52.300      3.072      0.095
     5.425      5.425      5.425     11.264      5.648      0.533      0.511     58.420      3.045      0.096
     6.640      6.640      6.640      8.548      4.208      0.080      0.408     53.020      1.227      0.047
     5.370      5.370      5.370      8.808      6.944      0.596      1.194     44.110      1.605      0.075
     5.795      5.795      5.795      9.516      3.884      0.705      0.987     46.090      1.233      0.070
     7.960      7.960      7.960      8.600      3.924      0.020      0.720     38.260      2.583      0.099
     8.570      8.570      8.570      9.888      5.080      0.532      1.121     59.410      1.590      0.069
     5.860      5.860      5.860      9.036      5.352      0.491      1.130     60.760      1.791      0.092
     6.025      6.025      6.025      8.940      3.040      0.329      0.835     22.510      1.089      0.077
     8.405      8.405      8.405      8.748      4.084      0.826      0.532     30.790      3.510      0.046
     9.530      9.530      9.530     10.376      4.116      0.738      0.994     37.900      1.824      0.025
     5.015      5.015      5.015     10.164      5.744      0.360      0.423     99.100      1.425      0.058
     6.455      6.455      6.455     11.868      5.704      0.258      0.918     18.820      3.723      0.077
     5.515      5.515      5.515     11.056      6.140      0.275      0.489     51.580      3.513      0.022
     7.295      7.295      7.295     10.908      3.116      0.488      0.462     62.200      3.852      0.052
     5.475      5.475      5.475      8.428      6.084      0.152      0.726     42.850      2.082      0.022
     7.395      7.395      7.395      9.364      4.408      0.710      0.866     26.380      3.723      0.039
     5.520      5.520      5.520      8.620      4.592      0.350      0.980     18.010      2.784      0.069
     8.535      8.535      8.535     11.416      5.120      0.052      0.995     48.610      2.892      0.096
     9.775      9.775      9.775      8.056      3.824      0.129      0.854     92.620      2.241      0.033
     9.700      9.700      9.700      9.532      6.628      0.367      0.790     67.150      3.837      0.074
     7.815      7.815      7.815      9.620      6.052      0.633      0.502     92.710      1.371      0.079
     5.590      5.590      5.590      8.572      4.352      0.664      0.738     12.250      2.562      0.048
     8.980      8.980      8.980     11.404      3.344      0.466      1.042     47.260      1.788      0.054
     6.435      6.435      6.435      9.504      5.936      0.653      0.535     28.180      1.158      0.092
     8.495      8.495      8.495     10.248      4.792      0.974      1.174     42.220      2.355      0.071
     9.510      9.510      9.510      9.496      4.572      0.915      0.902     69.580      3.243      0.084
     9.555      9.555      9.555      9.896      5.608      0.053      0.822     67.510      1.704      0.076
     6.620      6.620      6.620     10.008      3.456      0.343      1.019     14.230      2.781      0.099
     8.270      8.270      8.270      9.420      4.928      0.179      0.770     30.070      3.726      0.023
     5.810      5.810      5.810     11.784      5.152      0.351      0.798     15.490      3.804      0.076
     7.755      7.755      7.755      9.272      4.624      0.442      1.021     90.190      1.179      0.085
     6.905      6.905      6.905      8.332      5.104      0.338      0.987     98.110      1.197      0.022
     5.820      5.820      5.820     11.384      4.188      0.467      0.628     96.040      1.272      0.053
     8.605      8.605      8.605     10.500      5.796      0.835      0.570     89.200      3.198      0.060
     5.075      5.075      5.075      8.744      3.304      0.422      0.534     93.430      1.923      0.065
     8.255      8.255      8.255     10.448      6.228      0.046      0.500     19.540      1.467      0.036
     7.975      7.975      7.975      9.940      5.184      0.954      0.607     35.920      3.705      0.028
     5.045      5.045      5.045     11.080      5.592      0.078      0.812     63.910      1.071      0.078
     8.600      8.600      8.600     10.488      4.928      0.081      0.425     57.340      2.799      0.045
     5.360      5.360      5.360      8.800      4.596      0.839      0.508     37.720      1.305      0.045
     7.700      7.700      7.700     11.812      4.684      0.593      0.722     84.970      3.168      0.036
     7.565      7.565      7.565      8.276      6.208      0.612      1.010     80.920      3.963      0.069
     5.990      5.990      5.990      9.308      3.120      0.035      0.439     34.120      2.172      0.020
     5.435      5.435      5.435      8.736      3.312      0.947      1.010     44.020      2.952      0.088
     9.465      9.465      9.465     11.704      5.452      0.142      1.050     11.980      1.260      0.041
     8.860      8.860      8.860      8.268      6.028      0.287      1.067     83.980      3.183      0.028
     9.495      9.495      9.495     10.068      5.324      0.357      0.852     19.720      3.615      0.069
     5.320      5.320      5.320      9.388      6.368      0.089      0.603     81.370      1.587      0.055
     8.365      8.365      8.365      9.204      4.640      0.460      1.128     43.570      1.380      0.027
     7.060      7.060      7.060      9.092      4.876      0.746      0.479     39.700      2.112      0.063
     5.065      5.065      5.065      8.196      3.816      0.802      0.904     66.340      2.100      0.064
     6.370      6.370      6.370      8.088      3.268      0.396      0.650     13.780      2.970      0.023
     6.050      6.050      6.050      9.888      5.208      0.135      0.435     50.770      1.386      0.087
     7.605      7.605      7.605     11.916      4.112      0.549      0.823     42.580      2.133      0.028
     8.035      8.035      8.035      8.012      5.748      0.257      0.890     93.970      3.657      0.030
     5.745      5.745      5.745     11.192      3.524      0.457      0.436     40.690      1.536      0.088
     9.020      9.020      9.020     10.556      6.596      0.774      0.858     80.560      1.629      0.059
     7.625      7.625      7.625      9.704      6.552      0.755      0.993     42.400      1.257      0.042
     5.180      5.180      5.180      9.776      3.260      0.972      1.091     18.190      1.419      0.090
     9.710      9.710      9.710      9.340      5.416      0.701      0.805     28.180      2.850      0.035
     8.510      8.510      8.510      8.328      4.948      0.706      1.125     52.750      2.958      0.090
     6.335      6.335      6.335     11.068      5.216      0.368      1.076     11.260      1.395      0.060
     6.565      6.565      6.565     10.460      3.920      0.729      0.740     18.280      2.772      0.070
     9.490      9.490      9.490      8.284      4.216      0.012      0.974     80.200      3.321      0.056
     9.315      9.315      9.315     10.760      4.212      0.168      0.901     39.160      2.022      0.058
     8.730      8.730      8.730      8.140      6.112      0.979      0.859     97.480      3.810      0.065
     7.535      7.535      7.535     11.240      4.272      0.391      0.479     72.910      1.509      0.088
     6.690      6.690      6.690      8.140      4.180      0.472      0.970     60.940      1.038      0.065
     6.825      6.825      6.825      9.188      6.860      0.980      0.608     19.540      3.255      0.028
     7.460      7.460      7.460      8.436      4.700      0.563      0.634     80.740      2.103      0.074
     8.390      8.390      8.390     11.032      3.956      0.454      0.850     55.990      1.404      0.099
     6.805      6.805      6.805     10.572      4.844      0.448      0.528     32.500      3.315      0.067
     8.080      8.080      8.080     11.320      6.968      0.575      0.417     57.880      2.418      0.041
     7.055      7.055      7.055     10.024      4.352      0.918      0.484     61.210      1.527      0.024
     7.135      7.135      7.135     10.196      5.292      0.455      1.084     22.060      1.281      0.087
     5.925      5.925      5.925      9.676      4.440      0.423      0.456     74.620      2.817      0.091
     5.955      5.955      5.955     11.928      4.736      0.123      1.089     39.160      2.475      0.091
     8.530      8.530      8.530     11.948      5.400      0.373      0.592     74.530      3.954      0.057
     7.500      7.500      7.500      8.780      6.924      0.061      0.990     39.970      1.773      0.050
     5.260      5.260      5.260      8.260      5.192      0.345      1.006     34.390      2.469      0.026
     8.290      8.290      8.290     11.248      4.584      0.064      0.707     15.400      1.710      0.030
     5.215      5.215      5.215      8.664      6.016      0.748      0.741     22.060      2.613      0.074
     5.865      5.865      5.865     10.880      6.004      0.720      1.039     89.470      2.559      0.059
     5.655      5.655      5.655     10.808      3.048      0.417      1.138     42.040      3.492      0.038
     9.565      9.565      9.565     10.660      6.188      0.077      1.138     98.650      1.785      0.062
     6.525      6.525      6.525     10.176      3.452      0.869      0.994     28.000      1.341      0.052
     6.280      6.280      6.280     10.128      5.884      0.593      0.865     78.400      2.550      0.085
     5.325      5.325      5.325      8.988      3.980      0.107      0.414     42.040      2.121      0.022
     9.905      9.905      9.905     11.832      6.356      0.199      0.770     83.710      3.774      0.070
     7.240      7.240      7.240     11.084      3.536      0.616      0.498     77.950      2.223      0.078
     7.270      7.270      7.270     11.128      3.948      0.070      0.678     16.300      2.742      0.053
     8.015      8.015      8.015      8.400      3.624      0.764      1.186     73.000      3.588      0.100
     5.120      5.120      5.120     11.020      4.892      0.474      1.105     98.470      3.852      0.046
     6.325      6.325      6.325      9.432      3.860      0.043      0.495     78.580      3.069      0.091
     5.260      5.260      5.260     10.564      3.068      0.269      1.020     62.830      3.195      0.057
     8.040      8.040      8.040     10.828      4.644      0.697      0.530     45.010      3.426      0.060
     6.315      6.315      6.315      9.372      4.572      0.751      1.035     43.300      3.177      0.029
     8.310      8.310      8.310      8.748      3.392      0.435      0.808     92.440      3.360      0.077
     7.625      7.625      7.625      8.876      6.476      0.755      0.806     10.270      3.879      0.072
     6.155      6.155      6.155      9.748      3.604      0.267      1.141     97.300      2.433      0.054
     7.730      7.730      7.730      8.520      6.864      0.330      1.185     53.830      3.768      0.071
     5.305      5.305      5.305     11.828      5.716      0.712      1.087     30.610      2.796      0.053
     8.235      8.235      8.235     11.960      3.416      0.115      0.946     53.380      3.081      0.024
     7.785      7.785      7.785     10.996      5.112      0.255      0.783     97.930      3.135      0.078
     9.155      9.155      9.155      8.492      6.712      0.790      1.063     11.800      2.922      0.047
     6.510      6.510      6.510      9.568      6.892      0.646      0.626     19.810      3.483      0.085
     5.230      5.230      5.230      8.584      3.892      0.311      0.986     68.950      3.567      0.084
     6.410      6.410      6.410     11.800      6.072      0.131      0.475     90.370      2.736      0.079
     8.815      8.815      8.815      8.380      4.488      0.062      0.742     65.260      2.142      0.030
     5.830      5.830      5.830     10.352      4.660      0.409      0.615     14.770      1.923      0.047
     5.935      5.935      5.935     11.708      6.880      0.378      0.407     14.140      1.344      0.023
     9.560      9.560      9.560      9.280      5.936      0.543      0.759     36.280      1.440      0.094
     8.735      8.735      8.735      9.164      5.888      0.260      0.662     28.630      1.623      0.084
     7.090      7.090      7.090      8.240      6.164      0.942      0.636     31.780      1.995      0.034
     9.730      9.730      9.730     10.228      3.780      0.960      0.716     47.080      1.902      0.028
     5.835      5.835      5.835     10.740      4.856      0.160      0.642     64.630      2.967      0.043
     5.105      5.105      5.105     10.096      6.688      0.877      0.961     95.320      1.485      0.056
     6.065      6.065      6.065     10.728      4.504      0.662      0.406     39.610      3.381      0.094
     9.300      9.300      9.300     10.764      6.084      0.578      0.575     83.260      2.715      0.033
     8.045      8.045      8.045     11.116      5.500      0.945      0.711     47.620      3.384      0.089
     7.425      7.425      7.425      8.120      3.068      0.724      0.682     76.420      3.888      0.052
     8.645      8.645      8.645     10.596      4.528      0.651      1.142     91.630      2.658      0.081
     9.410      9.410      9.410     11.336      5.036      0.438      0.842     51.310      2.043      0.096
     8.995      8.995      8.995      8.508      5.344      0.260      0.671     68.500      2.037      0.038
     9.420      9.420      9.420     11.220      3.880      0.415      1.061     71.200      1.605      0.080
     8.770      8.770      8.770     11.764      5.804      0.299      0.778     94.330      1.662      0.057
     5.980      5.980      5.980     11.856      5.944      0.243      0.875     77.230      1.143      0.097
     5.510      5.510      5.510      8.040      4.752      0.792      0.888     85.690      1.251      0.062
     6.540      6.540      6.540      9.396      4.052      0.206      0.448     23.500      2.841      0.042
     5.970      5.970      5.970     11.104      5.588      0.758      0.855     54.910      1.047      0.069
     6.730      6.730      6.730      9.228      6.996      0.021      1.133     97.480      1.059      0.029
     9.750      9.750      9.750      8.160      3.300      0.303      0.457     79.660      1.173      0.032
     7.665      7.665      7.665      9.056      5.764      0.864      0.879     99.910      1.314      0.087
     9.930      9.930      9.930      8.868      3.012      0.044      0.687     61.120      3.105      0.095
     8.970      8.970      8.970     11.836      6.044      0.938      0.644     47.170      3.627      0.036
     9.460      9.460      9.460     11.148      6.992      0.407      0.705     75.250      2.529      0.062
     6.580      6.580      6.580      8.304      4.712      0.104      0.440     75.070      1.599      0.050
     9.910      9.910      9.910      9.316      6.340      0.455      0.948     24.940      3.666      0.025
     6.960      6.960      6.960      8.012      5.740      0.574      1.194     69.670      1.545      0.040
     9.150      9.150      9.150     11.068      4.392      0.431      0.972     82.990      1.995      0.087
     8.370      8.370      8.370     10.168      4.248      0.376      0.488     83.170      2.667      0.036
     9.610      9.610      9.610     11.356      4.820      0.907      0.570     89.020      3.288      0.070
     6.990      6.990      6.990      9.308      5.220      0.402      0.554     70.840      2.028      0.070
     8.655      8.655      8.655      8.004      6.916      0.959      0.830     57.970      3.081      0.084
     9.170      9.170      9.170     11.752      3.460      0.726      1.196     38.890      3.411      0.078
     7.105      7.105      7.105      9.504      3.928      0.523      0.601     87.040      2.691      0.021
     9.095      9.095      9.095      9.880      6.444      0.894      0.526     81.280      3.879      0.057
     7.815      7.815      7.815      8.844      5.532      0.237      0.525     81.460      1.545      0.073
     8.560      8.560      8.560      8.464      5.828      0.217      0.644     58.780      2.466      0.034
     7.595      7.595      7.595     11.652      3.756      0.643      0.446     37.540      1.062      0.079
     6.800      6.800      6.800     10.348      5.576      0.744      0.422     92.080      1.647      0.039
     7.110      7.110      7.110     10.784      3.812      0.764      0.673     55.270      2.169      0.092
     5.875      5.875      5.875     11.456      6.656      0.022      1.074     66.520      2.907      0.079
     7.795      7.795      7.795     10.256      6.464      0.920      0.554     31.150      1.410      0.045
     9.625      9.625      9.625     11.292      6.284      0.113      0.910     55.900      1.797      0.057
     9.875      9.875      9.875     11.016      6.144      0.847      0.647     32.950      2.391      0.057
     9.040      9.040      9.040      9.800      6.780      0.177      0.696     21.700      1.038      0.099
     5.690      5.690      5.690     10.812      4.296      0.138      0.816     23.770      4.011      0.028
     7.370      7.370      7.370      8.660      3.648      0.118      0.693     68.860      3.339      0.086
     9.140      9.140      9.140     11.124      5.484      0.933      0.516     61.660      3.636      0.045
     8.745      8.745      8.745     10.052      4.888      0.089      0.492     52.660      3.618      0.073
     5.350      5.350      5.350      9.692      4.204      0.005      0.428     93.160      1.899      0.052
     5.370      5.370      5.370     11.196      6.008      0.600      0.999     35.650      3.438      0.066
     9.715      9.715      9.715     11.868      6.940      0.952      0.606     56.890      2.631      0.045
     7.020      7.020      7.020      8.316      4.744      0.839      1.049     98.920      1.080      0.043
     6.360      6.360      6.360      8.212      4.836      0.664      1.191     63.280      3.834      0.078
     5.210      5.210      5.210     11.400      3.568      0.881      0.962     57.070      1.206      0.074
     8.520      8.520      8.520      9.152      5.104      0.747      0.666     70.660      2.544      0.064
     8.810      8.810      8.810      9.780      6.320      0.158      1.090     14.770      2.292      0.031
     5.415      5.415      5.415     10.548      4.932      0.192      1.046     62.920      3.213      0.037
     6.945      6.945      6.945      9.948      5.812      0.523      0.469     13.510      1.326      0.070
     7.000      7.000      7.000      9.540      6.816      0.692      0.745     39.520      3.408      0.065
     6.960      6.960      6.960      8.772      6.416      0.039      0.732     38.530      1.764      0.083
     5.725      5.725      5.725      8.528      5.692      0.751      1.143     40.870      3.639      0.024
     5.160      5.160      5.160     11.044      4.884      0.937      0.529     28.450      1.698      0.025
     6.595      6.595      6.595     10.980      6.160      0.141      0.911     50.680      3.729      0.063
     8.190      8.190      8.190     10.744      6.804      0.770      0.846     13.060      2.754      0.086
     5.440      5.440      5.440     11.468      5.980      0.736      0.764     39.520      1.380      0.062
     7.580      7.580      7.580     10.612      5.028      0.866      0.998     42.850      2.340      0.045
     7.545      7.545      7.545      9.324      4.152      0.385      1.004     84.790      2.217      0.028
     8.905      8.905      8.905     10.704      4.632      0.180      0.624     31.420      3.246      0.057
     5.700      5.700      5.700     10.720      4.484      0.254      0.437     98.110      2.754      0.098
     6.585      6.585      6.585     11.316      5.400      0.682      1.023     87.490      2.970      0.093
     7.810      7.810      7.810      9.628      3.108      0.129      1.022     96.850      2.670      0.036
     7.750      7.750      7.750     11.096      6.328      0.077      1.076     89.200      1.458      0.034
     6.290      6.290      6.290      8.904      6.948      0.961      0.674     87.040      3.105      0.037
     8.490      8.490      8.490     11.964      6.676      0.025      0.666     84.880      3.102      0.072
     9.915      9.915      9.915     11.260      3.376      0.198      0.621     43.300      2.868      0.048
     7.850      7.850      7.850      9.116      5.780      0.180      1.177     60.580      2.628      0.085
     9.130      9.130      9.130      9.172      3.516      0.175      0.411     41.230      1.248      0.033
     5.135      5.135      5.135     11.504      3.688      0.728      0.441     21.970      1.722      0.067
     9.985      9.985      9.985     10.200      3.236      0.008      0.872     36.820      3.819      0.034
     8.420      8.420      8.420      9.992      6.272      0.502      0.613     96.760      3.015      0.094
     6.870      6.870      6.870     11.148      6.744      0.650      1.014     40.330      2.694      0.026
     9.355      9.355      9.355     10.548      5.872      0.669      0.816     61.120      1.707      0.049
     6.790      6.790      6.790      8.040      4.524      0.186      0.870     66.160      1.569      0.083
     7.325      7.325      7.325     10.248      4.316      0.442      0.488     75.970      2.649      0.042
     9.855      9.855      9.855     10.184      5.844      0.349      0.870     94.420      2.883      0.063
     9.865      9.865      9.865     10.840      4.668      0.780      1.034     99.280      3.399      0.073
     9.405      9.405      9.405     11.792      4.644      0.036      0.830     53.920      3.354      0.038
     5.890      5.890      5.890      9.972      3.332      0.346      1.166     55.540      2.805      0.043
     6.970      6.970      6.970      9.012      5.312      0.930      0.506     95.320      2.727      0.068
     7.805      7.805      7.805     11.996      5.072      0.407      1.048     14.860      3.213      0.044
     9.785      9.785      9.785      8.856      5.368      0.249      0.754     37.990      3.354      0.056
     9.865      9.865      9.865      9.756      3.464      0.118      0.483     29.890      2.292      0.095
     7.675      7.675      7.675     10.616      4.240      0.106      0.541     46.360      2.916      0.091
     8.590      8.590      8.590     11.648      3.016      0.168      0.586     27.730      3.735      0.038
     9.740      9.740      9.740     11.292      6.276      0.468      1.194     46.630      3.150      0.077
     5.525      5.525      5.525     11.028      5.308      0.307      0.781     24.040      4.014      0.034
     6.190      6.190      6.190     10.884      3.432      0.649      0.735     48.160      1.053      0.061
     9.650      9.650      9.650      8.592      4.160      0.134      0.615     70.480      3.003      0.097
     8.495      8.495      8.495      9.796      4.096      0.698      1.110     26.650      3.942      0.042
     6.430      6.430      6.430     11.396      3.668      0.520      0.578     51.400      3.258      0.092
     8.945      8.945      8.945     10.608      5.136      0.908      0.973     75.520      2.760      0.054
     7.670      7.670      7.670     10.040      3.524      0.588      0.826     14.950      1.668      0.042
     5.470      5.470      5.470     11.320      6.916      0.216      0.578     94.870      1.290      0.090
     6.440      6.440      6.440     11.056      6.956      0.374      1.026     46.810      2.373      0.076
     9.795      9.795      9.795      9.192      5.096      0.280      1.090     24.760      3.309      0.054
     8.925      8.925      8.925      8.584      5.232      0.621      0.481     26.200      3.927      0.086
     7.160      7.160      7.160     10.236      5.288      0.440      0.522     38.890      2.775      0.093
     8.305      8.305      8.305     10.392      3.984      0.290      1.060     87.220      1.305      0.037
     9.220      9.220      9.220     11.680      5.644      0.791      0.950     88.840      3.237      0.061
     9.580      9.580      9.580     11.348      4.556      0.860      0.877     14.500      1.869      0.059
     6.885      6.885      6.885      8.964      3.804      0.841      1.162     92.890      3.750      0.050
     9.285      9.285      9.285     10.788      3.224      0.379      0.850     72.820      3.594      0.027
     6.720      6.720      6.720     10.136      3.864      0.277      0.679     34.300      3.846      0.097
     5.480      5.480      5.480     11.772      6.212      0.120      1.107     29.260      3.132      0.096
     6.075      6.075      6.075      8.648      3.700      0.085      1.184     60.760      1.137      0.082
     5.565      5.565      5.565     10.108      3.356      0.490      0.966     64.090      3.924      0.045
     5.185      5.185      5.185      8.392      3.548      0.305      0.413     21.430      1.026      0.099
     8.960      8.960      8.960     11.480      6.932      0.658      0.802     32.140      1.845      0.087
     7.165      7.165      7.165      9.344      6.036      0.460      0.896     80.020      2.772      0.039
     8.210      8.210      8.210      9.292      6.188      0.843      0.784     82.180      1.617      0.037
     9.255      9.255      9.255     10.676      4.708      0.773      0.597     45.640      2.346      0.050
     5.850      5.850      5.850     11.448      4.624      0.832      0.903     50.320      2.112      0.052
     8.890      8.890      8.890      8.648      6.976      0.892      0.861     29.890      3.021      0.050
     6.390      6.390      6.390      8.256      5.752      0.261      0.967     75.430      3.774      0.022
     7.360      7.360      7.360     10.564      5.928      0.065      0.745     66.880      3.453      0.098
     7.475      7.475      7.475      9.660      6.732      0.075      0.840     65.800      1.530      0.100
     5.720      5.720      5.720     10.260      6.564      0.229      0.910     20.530      1.932      0.059
     7.890      7.890      7.890      8.484      4.924      0.741      1.131     44.650      1.896      0.029
     9.395      9.395      9.395     11.376      4.668      0.862      1.047     56.350      2.535      0.081
     8.710      8.710      8.710     10.536      5.908      0.991      0.538     34.030      3.147      0.054
     5.160      5.160      5.160     10.728      4.892      0.209      1.134     74.080      2.850      0.086
     8.950      8.950      8.950     11.444      3.968      0.470      0.646     28.810      2.793      0.035
     9.545      9.545      9.545      9.520      3.288      0.127      0.934     24.580      3.822      0.051
     8.180      8.180      8.180     11.772      5.444      0.758      0.630     11.710      1.347      0.084
     7.900      7.900      7.900      8.928      3.384      0.621      0.494     69.400      2.310      0.085
     8.445      8.445      8.445      9.764      3.736      0.165      1.128     72.370      3.660      0.089
     8.455      8.455      8.455      9.968      4.632      0.297      0.630     79.660      1.812      0.082
     6.535      6.535      6.535      8.336      5.604      0.806      1.006     68.590      1.743      0.080
     6.660      6.660      6.660      9.436      4.416      0.190      1.057     77.590      1.314      0.037
     8.260      8.260      8.260     10.240      3.464      0.794      0.574     42.940      2.250      0.035
     9.450      9.450      9.450      9.212      4.552      0.583      0.800     22.960      3.138      0.070
     8.915      8.915      8.915      9.424      3.624      0.607      0.431     37.450      1.407      0.038
     5.905      5.905      5.905     10.632      6.648      0.853      0.912     70.480      1.890      0.025
     7.880      7.880      7.880     10.472      6.856      0.399      0.923     47.710      3.675      0.051
     9.515      9.515      9.515      8.216      4.516      0.356      0.586     86.410      2.679      0.026
     6.745      6.745      6.745      8.764      5.180      0.150      0.888     54.640      3.489      0.066
     6.570      6.570      6.570      8.900      6.956      0.103      0.789     60.940      3.108      0.076
     5.450      5.450      5.450      9.580      5.856      0.072      0.693     98.830      3.624      0.095
     8.525      8.525      8.525     10.820      3.132      0.537      1.168     65.980      3.795      0.066
     5.345      5.345      5.345      8.596      4.532      0.977      0.702     26.110      2.859      0.064
     5.540      5.540      5.540     11.012      6.740      0.447      0.801     42.400      3.630      0.090
     9.820      9.820      9.820      9.804      3.944      0.581      0.482     91.180      2.868      0.055
     8.145      8.145      8.145     11.936      4.448      0.049      0.684     48.430      1.329      0.041
     9.930      9.930      9.930      8.856      5.272      0.122      1.107     47.890      3.159      0.055
     9.375      9.375      9.375      9.360      4.060      0.970      1.085     23.860      1.965      0.044
     9.920      9.920      9.920     10.696      6.728      0.670      0.712     91.720      2.910      0.095
     6.420      6.420      6.420      8.100      3.388      0.064      0.567     49.420      2.316      0.034
     8.150      8.150      8.150      9.688      3.752      0.975      1.055     19.360      1.191      0.024
     8.790      8.790      8.790      9.088      5.140      0.271      0.412     67.060      2.307      0.047
     9.570      9.570      9.570      8.988      4.900      0.519      0.596     53.650      1.911      0.026
     8.065      8.065      8.065     11.220      5.284      0.101      0.922     13.600      1.167      0.024
     5.115      5.115      5.115     10.984      3.000      0.762      0.822     52.930      2.724      0.088
     9.850      9.850      9.850     11.472      3.956      0.988      0.764     26.920      1.359      0.100
     6.010      6.010      6.010      8.452      5.136      0.012      1.187     44.560      2.067      0.067
     6.080      6.080      6.080     10.492      5.996      0.059      1.113     56.260      3.153      0.037
     8.480      8.480      8.480      8.096      5.008      0.019      0.677     79.120      1.728      0.056
     9.950      9.950      9.950     10.324      5.664      0.484      0.862     73.360      2.361      0.051
     7.075      7.075      7.075      9.868      6.288      0.894      0.542     84.430      2.184      0.037
     6.050      6.050      6.050     10.932      4.724      0.949      1.063     97.570      3.978      0.073
     7.695      7.695      7.695      9.188      3.188      0.105      0.606     73.810      2.268      0.038
     6.820      6.820      6.820     11.140      5.364      0.161      1.133     93.610      3.006      0.044
     8.010      8.010      8.010      9.180      6.348      0.070      0.463     20.890      2.457      0.023
     5.045      5.045      5.045     10.944      4.064      0.598      0.858     49.690      2.406      0.073
     9.445      9.445      9.445      8.848      6.364      0.786      0.752     38.710      1.689      0.081
     5.960      5.960      5.960     10.708      3.580      0.505      0.775     44.830      1.392      0.074
     5.970      5.970      5.970      8.624      5.440      0.221      0.850     50.860      1.944      0.091
     5.990      5.990      5.990     10.044      6.876      0.159      0.935     11.170      3.780      0.021
     6.555      6.555      6.555      9.144      3.728      0.446      0.438     28.270      2.958      0.043
     6.265      6.265      6.265      9.256      4.988      0.898      0.530     21.520      1.644      0.079
     6.935      6.935      6.935      9.104      3.596      0.249      0.458     83.890      3.540      0.088
     9.710      9.710      9.710     11.300      4.776      0.923      0.430     59.230      3.756      0.030
     5.760      5.760      5.760      9.560      3.888      0.684      0.611     85.060      1.020      0.069
     5.850      5.850      5.850     10.132      5.044      0.806      0.676     57.070      2.298      0.021
     7.555      7.555      7.555      9.532      3.276      0.383      1.004     19.000      3.225      0.073
     5.530      5.530      5.530      9.232      6.428      0.506      1.162     32.770      3.426      0.042
     8.425      8.425      8.425     11.840      3.212      0.546      0.941     99.460      3.834      0.032
     5.665      5.665      5.665      9.128      6.248      0.499      0.651     14.320      2.700      0.092
     5.150      5.150      5.150     10.212      6.700      0.283      1.080     58.240      1.293      0.079
     5.375      5.375      5.375     11.988      3.824      0.834      0.759     27.640      3.078      0.072
     6.630      6.630      6.630      8.508      3.500      0.435      0.527     20.800      2.085      0.052
     8.665      8.665      8.665     11.548      5.444      0.822      1.153     17.290      2.847      0.058
     8.965      8.965      8.965     10.152      6.880      0.379      0.660     71.920      3.273      0.084
     5.130      5.130      5.130      8.932      3.260      0.315      0.927     36.820      2.397      0.067
     6.450      6.450      6.450      9.600      6.060      0.502      0.898     60.040      1.830      0.076
     9.270      9.270      9.270     11.420      6.824      0.487      0.943     25.840      1.368      0.084
     7.920      7.920      7.920      8.264      5.464      0.085      1.190    100.000      1.881      0.066
     5.430      5.430      5.430      9.552      3.332      0.767      0.670     73.360      3.366      0.047
     5.575      5.575      5.575      8.888      6.788      0.497      0.401     62.830      3.468      0.072
     6.965      6.965      6.965      8.920      5.120      0.127      0.814     78.220      1.029      0.071
     9.610      9.610      9.610     11.048      6.180      0.170      0.592     46.900      2.979      0.032
     6.510      6.510      6.510     10.600      6.168      0.143      0.481     38.170      3.450      0.048
     6.745      6.745      6.745     11.488      3.616      0.437      0.622     68.140      2.760      0.071
     6.275      6.275      6.275      9.868      6.332      0.337      1.103     25.480      3.441      0.068
     7.145      7.145      7.145     10.460      3.420      0.817      0.818     27.280      2.229      0.090
     5.630      5.630      5.630      8.628      6.712      0.884      0.943     22.330      2.652      0.082
     6.365      6.365      6.365     11.268      3.056      0.854      0.472     50.680      1.881      0.029
     7.225      7.225      7.225     10.424      4.684      0.882      0.855     45.460      1.362      0.020
     8.115      8.115      8.115      8.836      3.080      0.213      1.016     51.310      2.862      0.098
     7.975      7.975      7.975      9.652      6.124      0.778      1.046     56.890      3.345      0.031
     6.350      6.350      6.350     11.500      5.076      0.696      0.541     71.650      3.027      0.066
     6.130      6.130      6.130      9.476      6.108      0.719      0.797     90.010      3.606      0.081
     7.510      7.510      7.510     11.180      6.552      0.008      0.642     41.950      3.177      0.048
     9.200      9.200      9.200      9.616      4.276      0.283      0.772     41.050      3.372      0.081
     6.310      6.310      6.310      9.684      5.356      0.618      0.766     17.650      1.599      0.099
     8.715      8.715      8.715      8.716      5.248      0.517      1.097     54.640      2.283      0.096
     6.410      6.410      6.410      9.292      5.772      0.139      1.166     35.200      1.668      0.044
     7.095      7.095      7.095     10.336      4.776      0.768      1.016     12.070      1.221      0.074
     7.465      7.465      7.465      9.744      5.836      0.133      1.149     40.240      3.159      0.078
     8.110      8.110      8.110     11.720      6.764      0.980      0.524     83.890      2.610      0.070
     5.190      5.190      5.190     10.964      5.200      0.898      0.738     83.530      2.085      0.076
     6.705      6.705      6.705     11.188      3.448      0.457      0.465     82.540      3.867      0.022
     8.325      8.325      8.325      8.824      6.164      0.189      0.632     70.120      2.559      0.053
     7.020      7.020      7.020     10.780      6.888      0.591      0.870     68.230      1.725      0.087
     5.645      5.645      5.645     10.904      4.080      0.090      0.974     27.010      3.654      0.097
     7.825      7.825      7.825     10.600      3.736      0.353      0.520     29.710      3.507      0.096
     5.605      5.605      5.605      9.300      6.088      0.006      0.610     87.670      1.797      0.086
     5.200      5.200      5.200      9.484      5.620      0.382      0.538     26.470      1.167      0.060
     8.345      8.345      8.345     10.408      3.844      0.263      0.569     77.410      3.252      0.084
     8.760      8.760      8.760      8.788      3.156      0.556      0.688     95.140      3.063      0.085
     8.505      8.505      8.505      9.924      3.280      0.187      0.454     35.560      1.707      0.032
     7.585      7.585      7.585     11.684      5.552      0.682      0.954     60.310      3.336      0.053
     9.105      9.105      9.105      9.596      4.832      0.394      0.712     83.440      3.795      0.085
     5.610      5.610      5.610      9.500      5.604      0.541      0.806     80.830      2.619      0.031
     6.475      6.475      6.475     11.208      5.424      0.238      0.447     99.010      1.977      0.032
     5.765      5.765      5.765     10.092      6.388      0.034      1.037     89.830      3.792      0.068
     5.670      5.670      5.670      9.544      6.800      0.779      1.008     91.000      1.515      0.058
     8.590      8.590      8.590      9.708      3.012      0.299      0.418     19.180      2.373      0.087
     7.265      7.265      7.265     10.416      3.632      0.775      0.790     52.660      2.127      0.095
     6.900      6.900      6.900      8.964      6.360      0.529      1.000     46.540      4.002      0.042
     7.250      7.250      7.250     11.216      5.860      0.929      1.164     98.650      2.733      0.100
     9.730      9.730      9.730      8.892      6.692      0.913      0.908     88.480      2.538      0.020
     6.030      6.030      6.030     11.436      3.944      0.977      0.778     74.440      3.960      0.063
     7.550      7.550      7.550     10.656      4.120      0.098      0.686     64.990      3.903      0.097
     6.295      6.295      6.295     11.304      6.580      0.515      0.782     60.580      3.813      0.087
     8.325      8.325      8.325      9.628      5.048      0.934      1.182     51.040      3.894      0.095
     8.310      8.310      8.310      8.148      4.232      0.316      0.658     71.560      3.702      0.072
     8.780      8.780      8.780     11.692      6.020      0.641      0.454     97.120      2.448      0.022
     9.015      9.015      9.015     11.028      3.656      0.365      1.030     10.270      1.662      0.075
     5.740      5.740      5.740      9.644      4.076      0.334      0.491     90.640      2.445      0.049
     9.720      9.720      9.720     11.312      6.768      0.434      1.029     88.300      1.737      0.079
     6.955      6.955      6.955     10.120      3.960      0.776      1.151     86.050      3.801      0.032
     9.235      9.235      9.235     11.740      5.260      0.124      0.728     10.720      1.152      0.080
     6.780      6.780      6.780      9.444      6.436      0.603      1.115     55.270      3.228      0.078
     6.610      6.610      6.610      8.944      4.580      0.381      1.058     68.680      1.566      0.062
     8.215      8.215      8.215     10.472      3.680      0.074      0.882     54.820      1.608      0.032
     8.685      8.685      8.685      9.280      4.188      0.374      0.680     64.900      3.474      0.092
     8.380      8.380      8.380      8.564      5.820      0.676      0.458     41.320      1.569      0.075
     7.200      7.200      7.200     11.844      5.084      0.695      1.100     19.990      3.417      0.091
     9.225      9.225      9.225      9.156      4.452      0.097      0.670     93.250      2.634      0.049
     6.310      6.310      6.310     10.492      5.736      0.583      0.921     29.440      3.822      0.021
     5.010      5.010      5.010      9.848      4.432      0.552      0.563     87.310      2.268      0.071
     5.595      5.595      5.595     10.424      6.236      0.225      0.695     49.330      3.039      0.061
     9.360      9.360      9.360     10.736      3.476      0.296      0.884     72.100      2.055      0.079
     6.730      6.730      6.730      9.140      5.268      0.340      0.886     17.020      2.073      0.068
     8.840      8.840      8.840      9.472      3.472      0.173      0.512     21.700      1.494      0.080
     6.395      6.395      6.395      8.496      4.808      0.300      0.882     99.640      1.821      0.040
     7.350      7.350      7.350      8.412      6.544      0.851      0.694     29.620      2.655      0.094
     9.215      9.215      9.215      9.824      4.520      0.531      0.617     41.770      2.049      0.089
     9.705      9.705      9.705      8.824      4.044      0.733      0.486     91.000      3.573      0.028
     8.225      8.225      8.225      8.364      3.840      0.560      0.580     28.000      3.210      0.082
     7.185      7.185      7.185     11.608      6.708      0.639      0.848     10.990      1.842      0.086
     9.310      9.310      9.310     10.844      6.336      0.503      0.722     15.580      2.502      0.089
     9.245      9.245      9.245      9.956      4.512      0.689      0.734     65.800      3.744      0.035
     9.025      9.025      9.025     11.048      6.424      0.662      1.094     27.010      3.663      0.040
     5.400      5.400      5.400     10.808      4.996      0.918      1.157     94.510      1.989      0.084
     8.170      8.170      8.170      8.976      3.660      0.318      0.642     19.180      1.428      0.084
     9.570      9.570      9.570      8.716      6.076      0.796      0.859     64.180      3.690      0.083
     5.685      5.685      5.685     11.572      5.988      0.202      1.032     76.150      2.805      0.075
     6.140      6.140      6.140      8.948      3.528      0.220      0.551     44.740      1.209      0.030
     7.370      7.370      7.370     11.760      6.752      0.246      0.948     62.560      3.111      0.098
     5.505      5.505      5.505      9.612      5.016      0.219      1.183     97.930      1.650      0.087
     5.255      5.255      5.255      8.816      6.348      0.617      0.704     99.730      2.598      0.086
     5.315      5.315      5.315     11.540      5.956      0.811      0.977     20.350      3.903      0.069
     6.255      6.255      6.255      8.156      5.064      0.251      1.014     78.220      1.938      0.083
     6.555      6.555      6.555      9.320      3.224      0.997      0.940     54.190      3.717      0.028
     6.835      6.835      6.835      9.808      6.240      0.389      0.452     73.990      1.941      0.038
     8.025      8.025      8.025     10.616      3.084      0.825      0.983     69.760      3.453      0.025
     8.790      8.790      8.790     11.788      6.216      0.372      0.826     43.750      2.748      0.074
     7.005      7.005      7.005     10.268      3.776      0.370      0.908     69.940      1.149      0.040
     9.635      9.635      9.635     10.208      4.364      0.939      0.485     17.560      2.277      0.082
     8.995      8.995      8.995      8.704      6.528      0.680      0.929     29.530      1.491      0.075
     6.220      6.220      6.220     10.668      6.952      0.905      1.074     27.460      2.022      0.094
     8.100      8.100      8.100      9.672      5.540      0.267      0.906     86.950      2.700      0.083
     7.865      7.865      7.865      8.100      4.296      0.092      0.978     43.660      3.432      0.068
     8.445      8.445      8.445     10.592      5.996      0.829      0.420     50.140      3.066      0.043
     8.615      8.615      8.615     10.368      5.660      0.214      0.894     43.030      2.427      0.059
     9.390      9.390      9.390     11.564      5.960      0.426      0.748     19.810      3.768      0.060
     6.700      6.700      6.700     10.700      6.448      0.325      0.463     48.880      1.974      0.025
     5.095      5.095      5.095     10.376      5.656      0.995      0.877     67.960      3.915      0.075
     8.970      8.970      8.970      8.548      4.204      0.797      0.982     19.360      2.544      0.049
     7.380      7.380      7.380     11.852      4.476      0.714      0.714     85.600      2.004      0.021
     6.360      6.360      6.360      9.852      4.868      0.375      0.557     55.540      1.761      0.098
     8.635      8.635      8.635     11.176      4.432      0.252      1.116     36.640      3.543      0.083
     9.595      9.595      9.595     11.016      4.768      0.862      0.868     96.580      3.255      0.027
     9.760      9.760      9.760     10.104      6.848      0.475      0.650     77.410      1.872      0.049
     6.645      6.645      6.645      8.032      4.976      0.094      0.852     77.320      3.363      0.046
     7.645      7.645      7.645      9.592      3.936      0.547      0.873     77.500      1.032      0.029
     9.205      9.205      9.205     10.668      5.940      0.234      0.774     49.870      3.393      0.032
     6.580      6.580      6.580      9.936      6.668      0.670      0.836     70.750      2.673      0.052
     9.080      9.080      9.080     11.304      6.632      0.277      0.793     99.550      2.229      0.070
     6.590      6.590      6.590      8.024      4.764      0.004      0.761     53.290      1.833      0.022
     6.220      6.220      6.220     10.356      5.128      0.295      1.006     65.890      3.468      0.082
     5.225      5.225      5.225     10.444      6.504      0.817      0.849     77.860      3.948      0.076
     5.760      5.760      5.760      9.492      6.612      0.485      0.718     61.840      3.546      0.043
     7.830      7.830      7.830     10.168      3.316      0.392      0.857     91.270      3.936      0.056
     9.195      9.195      9.195      8.436      5.456      0.247      0.726     45.820      1.242      0.052
     9.840      9.840      9.840     10.480      3.244      0.846      1.069     47.440      3.684      0.077
     7.125      7.125      7.125     10.228      3.816      0.324      0.889     10.090      3.492      0.045
     6.645      6.645      6.645     10.900      3.708      0.111      0.521     78.850      2.328      0.093
     9.645      9.645      9.645      9.992      4.380      0.858      0.752     35.020      2.925      0.081
     6.915      6.915      6.915     10.900      4.616      0.444      1.109     75.430      1.965      0.098
     8.410      8.410      8.410      9.584      3.140      0.359      0.835     72.640      1.614      0.057
     6.020      6.020      6.020     11.664      6.196      0.742      0.442     11.350      2.706      0.061
     5.785      5.785      5.785     11.636      6.512      0.716      0.892     41.590      2.316      0.037
     7.925      7.925      7.925     10.084      3.144      0.657      0.896     86.410      1.635      0.023
     9.875      9.875      9.875      9.464      4.016      0.890      0.517     24.220      1.458      0.051
     6.930      6.930      6.930     11.728      3.148      0.969      0.538     36.460      3.219      0.026
     6.045      6.045      6.045     11.520      5.228      0.476      0.548     98.920      1.578      0.049
     7.420      7.420      7.420     11.500      4.916      0.306      0.950     25.660      1.722      0.072
     8.215      8.215      8.215      9.392      3.064      0.185      0.454     40.600      3.702      0.066
     8.135      8.135      8.135      8.472      4.980      0.467      1.162     10.810      1.962      0.064
     9.660      9.660      9.660      8.780      3.108      0.609      0.930     42.670      3.669      0.059
     6.755      6.755      6.755      8.792      5.072      0.941      1.071     58.510      3.123      0.043
     5.785      5.785      5.785      9.268      3.128      0.280      0.838     55.090      3.057      0.067
     9.995      9.995      9.995      9.452      5.544      0.471      0.723     76.600      2.367      0.042
     6.775      6.775      6.775     11.072      5.168      0.702      0.437     62.200      2.709      0.090
     5.575      5.575      5.575      9.268      5.464      0.163      0.798     72.370      2.412      0.030
     9.960      9.960      9.960      8.396      6.100      0.264      0.806     65.350      2.043      0.023
     5.555      5.555      5.555      8.632      5.300      0.405      1.050     81.010      3.747      0.023
     6.855      6.855      6.855      9.464      4.824      0.269      0.434     19.990      2.550      0.039
     6.210      6.210      6.210      9.392      3.200      0.449      0.934     26.020      2.913      0.061
     7.355      7.355      7.355     10.628      5.868      0.718      0.905     64.540      2.928      0.081
     9.070      9.070      9.070      8.180      5.624      0.427      1.070     21.250      3.465      0.086
     7.385      7.385      7.385      8.656      5.964      0.925      0.956     88.210      1.929      0.074
     8.330      8.330      8.330     11.908      3.644      0.497      0.779     50.500      3.969      0.056
     9.745      9.745      9.745     10.052      3.772      0.699      0.945     33.310      1.683      0.050
     5.500      5.500      5.500     10.144      6.536      0.265      0.771     88.210      1.689      0.083
     6.870      6.870      6.870     10.652      5.500      0.202      0.951     40.060      3.582      0.027
     6.160      6.160      6.160     10.660      6.076      0.451      0.674     71.110      2.259      0.062
     7.575      7.575      7.575      9.444      4.692      0.347      0.443     78.040      2.208      0.053
     6.810      6.810      6.810      9.688      5.332      0.002      1.042     69.760      2.589      0.020
     7.010      7.010      7.010     11.088      5.804      0.577      0.802     61.840      2.640      0.088
     5.340      5.340      5.340     11.436      5.856      0.417      0.988     76.600      2.244      0.093
     9.880      9.880      9.880     10.428      3.036      0.886      1.099     15.850      2.235      0.067
     7.110      7.110      7.110      8.656      6.660      0.054      0.964     15.220      1.974      0.097
     6.940      6.940      6.940      8.692      4.784      0.872      0.403     24.490      1.452      0.047
     8.945      8.945      8.945     11.796      3.176      0.308      1.009     84.070      3.129      0.055
     5.735      5.735      5.735     10.440      4.440      0.514      1.155     51.220      3.540      0.096
     7.770      7.770      7.770      9.076      5.824      0.182      0.740     40.600      3.297      0.080
     7.195      7.195      7.195     10.480      3.696      0.341      1.064     33.130      3.501      0.065
     7.385      7.385      7.385      8.912      3.368      0.944      1.084     59.770      1.083      0.072
     7.310      7.310      7.310     11.592      5.876      0.113      0.594     33.490      1.701      0.074
     9.685      9.685      9.685     10.016      6.600      0.115      0.560     27.820      3.201      0.088
     8.340      8.340      8.340     10.088      3.908      0.159      1.072     71.290      3.699      0.062
     8.285      8.285      8.285     11.672      5.024      0.640      0.921     16.840      3.096      0.093
     7.065      7.065      7.065      9.000      4.124      0.239      0.474     77.770      2.607      0.041
     6.430      6.430      6.430      9.416      4.360      0.854      0.583     16.750      1.362      0.065
     7.505      7.505      7.505      9.928      3.240      0.561      0.774     83.620      1.266      0.094
     8.760      8.760      8.760     10.272      4.264      0.623      0.703     96.580      1.767      0.071
     5.330      5.330      5.330     10.848      5.712      0.952      0.998     92.620      3.810      0.050
     7.765      7.765      7.765     11.064      6.504      0.112      0.649     67.600      1.773      0.063
     8.900      8.900      8.900      9.032      4.316      0.550      0.402     62.020      2.952      0.082
     5.715      5.715      5.715     11.228      6.272      0.589      0.654     89.650      2.409      0.034
     9.210      9.210      9.210     10.332      3.164      0.346      0.503     96.040      2.343      0.097
     7.035      7.035      7.035      8.980      5.808      0.188      0.890     35.560      3.291      0.020
     9.370      9.370      9.370      8.232      4.176      0.399      0.815     43.120      3.402      0.069
     7.565      7.565      7.565      9.940      6.996      0.548      0.704     56.170      2.994      0.074
     9.345      9.345      9.345      8.180      6.984      0.052      0.653     66.160      3.825      0.032
     8.095      8.095      8.095      9.284      4.968      0.511      0.927     32.320      3.495      0.028
     5.635      5.635      5.635     11.532      6.668      0.643      1.177     39.340      1.326      0.033
     6.505      6.505      6.505     11.840      3.976      0.515      0.736     59.410      3.942      0.020
     9.585      9.585      9.585     10.172      6.228      0.777      0.588     99.370      3.054      0.070
     6.250      6.250      6.250      9.120      3.040      0.571      0.989     76.060      1.365      0.030
     7.710      7.710      7.710     11.744      4.944      0.092      0.708     30.970      1.914      0.098
     5.720      5.720      5.720      8.068      6.464      0.823      1.123     20.710      1.827      0.069
     5.140      5.140      5.140      9.064      4.160      0.962      1.054     57.610      2.604      0.072
     9.830      9.830      9.830     10.420      3.208      0.327      1.078     22.150      1.278      0.048
     9.180      9.180      9.180     10.952      5.472      0.821      1.199     57.880      3.798      0.068
     8.990      8.990      8.990     10.264      5.632      0.714      1.103     73.630      2.511      0.055
     9.615      9.615      9.615      9.896      5.628      0.193      0.728     84.430      2.907      0.066
     9.125      9.125      9.125     10.112      6.204      0.282      0.811     53.200      2.985      0.035
     7.340      7.340      7.340      9.980      3.184      0.393      0.795     12.970      1.806      0.095
     8.005      8.005      8.005     11.108      6.960      0.150      0.583     93.340      3.270      0.077
     6.600      6.600      6.600     11.656      4.252      0.144      1.110     72.010      2.724      0.033
     5.750      5.750      5.750     11.808      6.040      0.133      0.808     16.120      2.571      0.042
     6.065      6.065      6.065      8.612      6.836      0.915      1.098     96.130      2.595      0.063
     9.600      9.600      9.600     11.556      4.800      0.439      0.542     15.940      3.993      0.075
     6.105      6.105      6.105      8.604      6.400      0.427      1.182     57.430      2.541      0.021
     6.100      6.100      6.100      9.480      5.764      0.271      1.081     78.310      2.517      0.086
     8.460      8.460      8.460     10.020      5.888      0.744      0.982     95.500      1.491      0.097
     5.170      5.170      5.170     10.204      4.612      0.031      0.446     95.050      1.890      0.082
     7.280      7.280      7.280     10.988      6.532      0.358      1.151     56.260      1.173      0.028
     6.095      6.095      6.095      9.932      6.340      0.810      0.450     14.230      3.843      0.059
     7.900      7.900      7.900      8.224      3.416      0.982      0.861     94.240      1.053      0.079
     6.135      6.135      6.135     11.404      6.720      0.006      0.801     86.230      2.319      0.048
     5.445      5.445      5.445      9.876      4.680      0.230      0.993     66.520      2.694      0.064
     7.145      7.145      7.145     11.592      5.436      0.602      0.747     60.040      1.182      0.072
     9.105      9.105      9.105     11.904      3.364      0.926      0.467     36.100      1.986      0.080
     7.360      7.360      7.360      9.448      5.192      0.597      1.086     58.060      2.376      0.041
     9.050      9.050      9.050     10.984      4.000      0.958      0.601     36.280      3.561      0.052
     6.180      6.180      6.180     10.524      4.044      0.101      0.556     32.050      2.586      0.048
     8.885      8.885      8.885     11.124      6.760      0.025      0.958     28.810      3.117      0.057
     9.390      9.390      9.390     10.972      6.600      0.059      0.743     30.970      3.861      0.043
     6.895      6.895      6.895      8.740      6.420      0.836      0.473     92.080      2.433      0.073
     9.280      9.280      9.280     11.904      4.564      0.437      0.577     93.790      1.749      0.079
     9.480      9.480      9.480      8.420      3.408      0.609      0.604     21.340      2.880      0.091
     6.385      6.385      6.385      8.684      6.616      0.087      1.062     20.350      3.171      0.089
     5.060      5.060      5.060     10.944      6.904      0.828      0.626     89.110      2.862      0.071
     9.490      9.490      9.490      9.788      6.316      0.665      1.144     63.190      1.275      0.099
     7.190      7.190      7.190      9.136      6.496      0.795      0.916     98.380      2.622      0.067
     6.865      6.865      6.865      8.756      5.788      0.201      1.122     58.960      3.576      0.063
     5.170      5.170      5.170     10.932      3.904      0.538      1.122     32.680      3.234      0.080
     5.080      5.080      5.080      8.516      4.024      0.429      1.041     12.700      2.016      0.026
     7.755      7.755      7.755     10.528      5.572      0.121      0.590     27.640      3.945      0.036
     5.295      5.295      5.295     10.400      4.936      0.687      0.723     54.370      1.692      0.099
     7.540      7.540      7.540     10.672      5.144      0.704      0.699     43.390      1.839      0.051
     7.860      7.860      7.860      9.004      5.912      0.388      0.610     63.550      2.118      0.063
     5.275      5.275      5.275     10.300      3.100      0.023      1.122     57.610      2.874      0.067
     9.690      9.690      9.690     10.628      3.156      0.242      1.187     25.750      1.818      0.078
     6.975      6.975      6.975      8.928      6.592      0.648      0.934     82.720      2.439      0.047
     6.400      6.400      6.400      8.092      4.916      0.048      0.733     66.790      1.899      0.026
     5.095      5.095      5.095     10.648      3.564      0.916      0.762     71.020      3.861      0.070
     6.010      6.010      6.010     11.620      6.568      0.693      0.630     30.520      1.641      0.022
     9.910      9.910      9.910     11.884      3.160      0.148      0.588     88.390      2.934      0.077
     7.620      7.620      7.620     10.332      3.632      0.419      1.051     59.860      2.094      0.033
     8.130      8.130      8.130     11.092      3.168      0.972      0.854     18.460      2.010      0.069
     7.680      7.680      7.680      8.772      3.048      0.047      0.430     63.910      2.325      0.031
     9.075      9.075      9.075     11.264      3.272      0.105      0.670     15.130      3.999      0.088
     5.315      5.315      5.315      9.788      4.952      0.586      0.602     79.930      3.417      0.098
     9.045      9.045      9.045      8.620      6.496      0.290      1.057     13.330      3.876      0.021
     7.060      7.060      7.060     11.984      3.680      0.741      1.106     68.410      2.424      0.085
     7.725      7.725      7.725      8.276      4.832      0.511      1.158     19.000      1.194      0.093
     5.125      5.125      5.125     10.692      3.864      0.723      1.144     25.660      3.591      0.030
     8.865      8.865      8.865      9.856      3.788      0.462      0.597     58.780      3.291      0.047
     9.275      9.275      9.275     10.940      4.820      0.210      0.756     69.130      2.199      0.044
     7.630      7.630      7.630      9.900      3.556      0.792      0.663     68.860      2.811      0.041
     7.045      7.045      7.045     11.820      4.868      0.732      0.729     71.740      1.857      0.043
     6.925      6.925      6.925      8.428      6.984      0.615      0.923     61.750      2.382      0.076
     6.875      6.875      6.875      8.912      5.972      0.762      0.689     16.570      3.378      0.040
     6.725      6.725      6.725      8.576      6.152      0.284      0.782     18.370      2.874      0.068
     8.200      8.200      8.200     10.148      6.832      0.969      0.878     49.240      2.205      0.031
     9.455      9.455      9.455      9.164      5.172      0.783      0.843     89.560      2.484      0.032
     5.980      5.980      5.980     10.076      4.996      0.688      1.175     22.780      2.718      0.057
     5.800      5.800      5.800      8.072      4.420      0.638      0.957     49.420      1.050      0.060
     9.640      9.640      9.640      8.072      3.256      0.074      0.725     35.380      1.107      0.097
     7.045      7.045      7.045     11.636      4.852      0.931      0.738     86.680      3.831      0.049
     7.475      7.475      7.475      9.972      4.056      0.513      0.867     36.640      2.718      0.033
     7.930      7.930      7.930     11.560      6.476      0.949      0.690     32.320      1.518      0.093
     6.535      6.535      6.535      9.416      4.196      0.864      0.404     81.640      2.346      0.086
     8.120      8.120      8.120     10.444      3.544      0.353      0.537     11.620      2.313      0.080
     8.850      8.850      8.850     11.584      5.380      0.849      0.942     59.050      3.660      0.054
     5.010      5.010      5.010     11.820      3.724      0.199      0.947     48.160      3.690      0.058
     8.555      8.555      8.555      9.580      4.840      0.018      1.118     16.570      1.623      0.050
     6.165      6.165      6.165      8.340      3.472      0.553      0.425     75.700      1.437      0.051
     5.830      5.830      5.830     10.736      5.772      0.871      0.910     48.790      3.528      0.042
     5.775      5.775      5.775     10.896      5.320      0.645      0.952     26.110      1.935      0.081
     8.695      8.695      8.695     11.600      5.784      0.009      0.936     90.550      3.873      0.022
     8.075      8.075      8.075      9.332      4.132      0.527      1.096     84.700      2.505      0.071
     5.030      5.030      5.030     10.784      6.452      0.882      1.058     53.290      1.287      0.097
     6.140      6.140      6.140     11.988      5.288      0.094      0.726     24.490      2.523      0.030
     7.870      7.870      7.870      9.552      3.776      0.194      0.730     89.290      2.211      0.066
     6.345      6.345      6.345     11.244      6.308      0.088      0.975     94.600      3.087      0.038
     8.355      8.355      8.355      8.460      5.988      0.920      1.009     84.250      1.521      0.075
     7.210      7.210      7.210      8.176      5.196      0.326      0.613     56.620      3.429      0.033
     5.870      5.870      5.870     11.284      5.876      0.389      0.863     79.030      2.148      0.026
     7.880      7.880      7.880     10.324      6.132      0.480      0.776     64.810      2.280      0.067
     7.945      7.945      7.945      8.108      6.584      0.756      1.072     18.100      1.578      0.058
     8.390      8.390      8.390      8.956      5.180      0.890      0.478     23.950      1.431      0.064
     6.520      6.520      6.520      8.564      4.716      0.656      0.749     22.690      2.421      0.089
     5.815      5.815      5.815     10.868      3.844      0.026      0.939     10.630      1.311      0.045
     5.200      5.200      5.200      9.988      4.288      0.994      0.497     55.450      1.095      0.092
     5.940      5.940      5.940      9.324      5.684      0.618      0.884     13.960      1.485      0.050
     7.440      7.440      7.440     11.624      6.804      0.985      0.562     47.620      3.693      0.076
     5.545      5.545      5.545     11.392      4.540      0.014      1.119     44.200      2.388      0.049
     8.875      8.875      8.875     10.008      6.772      0.737      1.018     76.330      3.327      0.093
     8.340      8.340      8.340      9.440      3.280      0.988      0.421     17.380      2.034      0.055
     6.860      6.860      6.860      9.120      5.692      0.322      1.074     63.550      1.101      0.060
     5.615      5.615      5.615      8.052      6.484      0.313      0.829     65.620      3.750      0.054
     9.535      9.535      9.535      9.632      5.924      0.805      0.946     18.640      3.315      0.034
     6.355      6.355      6.355      9.412      3.076      0.116      0.590     46.540      2.796      0.096
     6.180      6.180      6.180      9.404      5.336      0.508      0.950     10.450      1.116      0.046
     9.895      9.895      9.895      8.404      4.336      0.492      0.585     97.120      3.930      0.077
     7.130      7.130      7.130     10.720      6.424      0.672      0.533     37.090      2.949      0.081
     7.520      7.520      7.520     10.968      3.788      0.396      0.624     13.600      3.237      0.082
     5.305      5.305      5.305     10.284      5.240      0.223      1.061     54.280      1.407      0.100
     5.730      5.730      5.730     11.604      5.388      0.857      0.702     12.880      3.384      0.022
     8.465      8.465      8.465     11.276      6.488      0.061      0.873     58.960      2.457      0.050
     6.945      6.945      6.945      9.652      5.916      0.166      0.608     83.530      3.600      0.073
     6.455      6.455      6.455     11.604      4.108      0.987      1.092     60.400      1.716      0.072
     7.080      7.080      7.080      9.128      6.928      0.424      1.077     36.010      3.117      0.035
     9.430      9.430      9.430      8.468      3.588      0.081      0.655     56.440      1.185      0.050
     6.265      6.265      6.265     11.284      6.832      0.630      0.470     81.640      3.267      0.066
     7.790      7.790      7.790      9.668      3.800      0.146      0.734     80.200      2.787      0.072
     8.250      8.250      8.250      9.020      4.732      0.482      0.431     37.270      3.990      0.032
     7.395      7.395      7.395      8.248      6.068      0.628      1.110     50.410      3.909      0.076
     9.625      9.625      9.625     10.916      5.536      0.608      0.508     26.380      2.499      0.046
     8.620      8.620      8.620      8.348      6.116      0.659      0.714     35.740      3.672      0.044
     9.655      9.655      9.655      8.056      6.640      0.678      0.566     74.800      3.459      0.023
     6.470      6.470      6.470     11.728      5.060      0.722      0.898     85.960      3.639      0.054
     9.790      9.790      9.790     11.144      3.232      0.814      1.181     55.180      3.567      0.055
     9.370      9.370      9.370     11.360      6.148      0.451      0.793     28.900      1.230      0.021
     6.710      6.710      6.710     10.828      5.216      0.786      1.102     34.660      3.981      0.051
     9.155      9.155      9.155      9.232      4.468      0.800      0.457     53.560      3.264      0.059
     7.155      7.155      7.155      8.128      4.480      0.384      0.648     98.290      1.851      0.038
     5.545      5.545      5.545      8.484      6.788      0.301      0.510     63.370      1.554      0.087
     9.765      9.765      9.765      8.256      4.096      0.216      0.981     42.760      3.519      0.068
     7.430      7.430      7.430     10.104      4.700      0.120      0.842     17.740      2.829      0.064
     7.980      7.980      7.980     10.560      4.456      0.552      1.157     10.810      3.030      0.058
     7.205      7.205      7.205      9.780      3.576      0.293      0.566     51.040      3.447      0.058
     9.160      9.160      9.160     11.644      3.652      0.927      0.594     39.790      2.196      0.055
     9.140      9.140      9.140     10.468      4.984      0.983      0.549     42.310      3.738      0.065
     5.880      5.880      5.880     10.396      3.060      0.879      0.467     92.980      3.306      0.098
     7.725      7.725      7.725     10.684      6.264      0.246      0.706     13.780      3.300      0.095
     5.915      5.915      5.915      9.528      6.684      0.029      0.913     57.790      1.056      0.074
     7.680      7.680      7.680      9.704      6.300      0.999      0.755     79.750      2.478      0.029
     5.900      5.900      5.900      9.348      4.388      0.876      0.882     26.830      2.430      0.042
     5.385      5.385      5.385     10.764      5.228      0.837      1.198     82.900      2.922      0.049
     8.365      8.365      8.365     11.344      6.608      0.634      0.812     49.960      1.203      0.091
     7.885      7.885      7.885     11.624      6.380      0.753      0.460     33.850      2.187      0.023
     6.120      6.120      6.120     11.416      6.104      0.099      1.038     20.710      1.800      0.046
     7.435      7.435      7.435      8.940      4.088      0.428      0.433     81.100      3.534      0.084
     8.700      8.700      8.700     11.924      3.348      0.584      0.757     17.560      1.761      0.081
     5.945      5.945      5.945     11.232      6.052      0.812      0.591     41.410      2.688      0.027
     9.800      9.800      9.800     11.280      3.672      0.223      1.112     52.120      3.279      0.055
     6.125      6.125      6.125      8.036      3.096      0.424      0.675     18.820      2.397      0.031
     7.995      7.995      7.995     11.512      4.164      0.719      0.707     64.180      2.439      0.041
     8.135      8.135      8.135      8.412      5.360      0.807      0.798     21.880      2.988      0.024
     6.625      6.625      6.625      8.800      4.792      0.787      1.146     72.460      3.174      0.061
     6.490      6.490      6.490     10.156      6.536      0.410      1.052     72.910      1.086      0.024
     6.195      6.195      6.195     11.612      6.736      0.680      0.718     29.080      2.739      0.092
     7.460      7.460      7.460     10.636      4.848      0.032      0.555     33.580      1.629      0.078
     5.290      5.290      5.290     10.400      6.256      0.628      0.504     45.910      1.554      0.040
     8.780      8.780      8.780      8.880      5.244      0.421      0.766     72.010      2.751      0.065
     9.440      9.440      9.440      8.904      4.648      0.173      1.043     36.370      1.476      0.055
     5.930      5.930      5.930      9.380      3.640      0.524      0.692     38.980      3.963      0.090
     5.820      5.820      5.820      8.728      5.792      0.606      0.926     66.430      3.267      0.056
     8.070      8.070      8.070      8.720      6.856      0.219      1.174     65.620      3.957      0.066
     8.155      8.155      8.155      8.360      6.904      0.480      0.844     93.430      3.048      0.061
     8.040      8.040      8.040      9.096      3.296      0.767      1.114     11.800      1.215      0.078
     7.520      7.520      7.520     10.288      4.036      0.170      1.066     33.670      3.486      0.067
     7.120      7.120      7.120      8.304      3.216      0.499      1.014     94.960      3.855      0.026
     6.305      6.305      6.305      9.524      5.008      0.303      1.001     69.220      3.996      0.081
     7.405      7.405      7.405      8.200      4.304      0.784      0.490     12.160      3.645      0.092
     8.060      8.060      8.060     10.864      3.088      0.056      1.079     40.870      4.005      0.089
     8.575      8.575      8.575      8.756      4.324      0.404      0.818     74.260      2.331      0.051
     5.110      5.110      5.110      9.204      4.368      0.840      0.638     71.560      1.548      0.046
     8.940      8.940      8.940     11.884      4.120      0.148      1.025     55.900      3.711      0.094
     7.580      7.580      7.580     11.236      4.404      0.600      1.042     96.760      3.294      0.082
     7.295      7.295      7.295      8.212      4.084      0.735      0.466     93.520      2.175      0.051
     5.245      5.245      5.245      9.376      5.596      0.206      1.089     44.020      1.656      0.092
     8.685      8.685      8.685      9.912      3.440      0.779      0.715     15.760      3.438      0.080
     8.025      8.025      8.025      9.376      5.004      0.275      1.068     62.740      3.093      0.023
     6.380      6.380      6.380     10.508      3.832      0.017      0.562     15.130      2.361      0.054
     9.690      9.690      9.690      8.448      5.972      0.908      0.568     85.150      3.039      0.096
     9.185      9.185      9.185     11.368      4.196      0.044      0.402     69.040      1.434      0.056
     5.140      5.140      5.140     11.168      4.612      0.335      1.137     93.880      1.737      0.063
     9.680      9.680      9.680     10.580      3.916      0.188      0.907     29.260      2.040      0.029
     6.005      6.005      6.005     11.548      5.580      0.343      0.460     40.150      2.265      0.090
     9.455      9.455      9.455      8.828      5.756      0.674      0.565     17.110      1.872      0.037
     8.825      8.825      8.825     10.684      5.752      0.946      0.582     90.370      2.841      0.041
     5.430      5.430      5.430      8.920      5.412      0.320      0.415     31.960      2.937      0.054
     7.915      7.915      7.915     10.912      3.764      0.095      0.618     65.170      2.001      0.098
     8.820      8.820      8.820     10.132      4.960      0.835      1.130     51.760      1.224      0.051
     6.515      6.515      6.515     11.712      5.508      0.143      0.470     21.160      2.598      0.087
     9.810      9.810      9.810     10.876      3.868      0.067      0.918     45.550      2.124      0.080
     8.195      8.195      8.195     11.784      4.756      0.354      0.810     29.620      3.327      0.065
     6.100      6.100      6.100     10.860      4.004      0.874      0.450     74.890      1.980      0.061
     8.675      8.675      8.675     10.304      4.664      0.021      0.901     46.450      2.076      0.085
     9.325      9.325      9.325     11.384      3.536      0.871      0.636     87.400      1.122      0.068
     7.995      7.995      7.995     10.032      5.712      0.208      0.578     82.810      2.151      0.086
     8.930      8.930      8.930      8.500      3.400      0.895      0.614     80.290      1.950      0.088
     9.940      9.940      9.940      8.764      6.912      0.516      1.055     92.440      1.536      0.035
     7.605      7.605      7.605     11.940      5.672      0.783      1.153     91.900      3.708      0.033
     9.765      9.765      9.765     10.620      5.488      0.566      0.900     95.860      1.110      0.041
     7.905      7.905      7.905      8.284      4.020      0.537      0.767     10.000      3.036      0.021
     7.965      7.965      7.965      8.112      6.872      0.334      0.964     12.430      1.596      0.064
     9.120      9.120      9.120     11.896      3.880      0.069      0.519     89.830      1.659      0.059
     9.940      9.940      9.940      9.588      3.340      0.155      0.561     75.700      2.151      0.025
     7.290      7.290      7.290      8.136      3.652      0.234      0.595     81.190      2.592      0.066
     5.300      5.300      5.300     11.700      5.420      0.581      0.486     25.480      3.573      0.054
     7.420      7.420      7.420     10.036      3.356      0.666      0.828     73.180      1.473      0.068
     5.185      5.185      5.185     10.312      5.476      0.109      0.510     82.000      2.742      0.030
     7.320      7.320      7.320     11.352      6.296      0.587      0.962     28.630      2.061      0.047
     8.225      8.225      8.225      9.460      4.984      0.367      0.626     22.600      1.584      0.063
     7.245      7.245      7.245     10.524      3.348      0.818      0.639     86.140      2.049      0.084
     8.410      8.410      8.410      8.692      6.172      0.178      1.134     31.510      3.507      0.083
     8.435      8.435      8.435      8.020      6.692      0.723      0.929     79.390      3.882      0.062
     8.855      8.855      8.855      9.576      5.512      0.397      0.837     85.240      2.160      0.085
     9.260      9.260      9.260     11.172      3.252      0.689      0.998     38.440      3.015      0.094
     9.525      9.525      9.525      8.372      3.428      0.933      0.750     33.400      2.823      0.089
     9.825      9.825      9.825      9.196      5.896      0.519      0.880     91.360      1.098      0.073
     7.000      7.000      7.000     11.876      6.300      0.942      0.930     32.590      1.863      0.068
     5.035      5.035      5.035     10.196      4.744      0.137      0.788     46.000      1.122      0.047
     7.030      7.030      7.030     11.696      6.812      0.674      0.749     54.550      2.385      0.096
     9.170      9.170      9.170      9.244      3.744      0.496      0.420     74.890      3.180      0.026
     9.330      9.330      9.330      9.660      3.404      0.658      0.516     61.480      2.982      0.048
     5.565      5.565      5.565      9.048      5.616      0.789      0.962     41.500      2.163      0.039
     6.210      6.210      6.210      9.812      6.648      0.288      1.142     58.600      3.642      0.048
     8.520      8.520      8.520      8.728      5.668      0.704      0.839     37.720      2.508      0.041
     5.695      5.695      5.695     10.344      5.820      0.011      0.876     37.090      2.154      0.057
     9.795      9.795      9.795      8.004      3.980      0.255      0.522     97.840      1.290      0.094
     6.035      6.035      6.035     10.852      5.520      0.232      0.954     33.040      2.898      0.059
     8.675      8.675      8.675     10.080      3.328      0.210      0.631     91.450      2.061      0.034
     8.420      8.420      8.420     11.888      3.216      0.814      1.045     11.170      2.088      0.058
     7.245      7.245      7.245      9.476      5.428      0.844      0.679     51.940      2.712      0.050
     9.970      9.970      9.970      9.568      3.856      0.541      0.933     67.780      1.500      0.067
     9.360      9.360      9.360     10.800      5.160      0.580      1.105     47.890      1.854      0.065
     5.870      5.870      5.870      9.996      6.408      0.957      0.985     78.580      2.946      0.041
     7.035      7.035      7.035      9.636      6.636      0.831      0.698     30.700      1.446      0.051
     6.085      6.085      6.085     10.236      5.088      0.809      0.426     95.770      1.716      0.024
     6.200      6.200      6.200      8.240      4.324      0.320      0.847     38.260      1.227      0.044
     9.950      9.950      9.950      9.728      6.244      0.264      1.170     52.480      1.161      0.083
     7.485      7.485      7.485      9.696      3.740      0.068      0.832     61.570      3.525      0.043
     8.295      8.295      8.295      9.244      3.392      0.229      0.834     97.300      3.021      0.088
     9.010      9.010      9.010      8.336      4.544      0.568      1.102     48.970      3.054      0.085
     7.985      7.985      7.985     10.512      3.540      0.856      0.820     38.710      1.473      0.021
     9.845      9.845      9.845      8.784      3.512      0.348      0.546     24.310      2.400      0.044
     7.450      7.450      7.450      8.676      5.544      0.237      0.914     45.550      2.052      0.056
     5.490      5.490      5.490     11.496      4.172      0.294      0.826     66.610      3.762      0.029
     9.475      9.475      9.475      8.404      3.836      0.330      0.405     46.810      1.836      0.023
     6.390      6.390      6.390      9.304      4.224      0.929      0.506     79.210      1.581      0.044
     6.690      6.690      6.690     11.544      4.676      0.273      1.111     81.730      2.646      0.080
     8.555      8.555      8.555     10.436      4.148      0.364      1.136     23.320      2.901      0.076
     9.090      9.090      9.090     11.372      6.044      0.361      0.668     86.500      1.755      0.089
     8.750      8.750      8.750     11.852      5.208      0.570      0.881     83.350      1.452      0.062
     6.670      6.670      6.670     11.132      6.140      0.613      0.546     96.220      3.789      0.100
     5.065      5.065      5.065     10.384      3.116      0.338      1.192     26.740      1.878      0.086
     5.705      5.705      5.705      8.224      4.532      0.401      1.022     63.100      2.490      0.027
     5.520      5.520      5.520     10.768      5.696      0.015      0.534     67.780      1.128      0.044
     7.935      7.935      7.935     11.256      3.372      0.507      1.165     17.020      3.162      0.036
     9.000      9.000      9.000     10.320      4.300      0.878      0.442     73.630      3.939      0.060
     7.495      7.495      7.495      8.172      4.968      1.000      1.098     82.000      3.621      0.064
     5.460      5.460      5.460     11.456      4.384      0.771      0.585     45.280      1.755      0.098
     6.680      6.680      6.680      9.712      5.964      0.730      0.563     91.720      3.219      0.063
     8.600      8.600      8.600     11.104      6.812      0.071      0.830     32.860      2.994      0.020
     6.765      6.765      6.765      9.112      6.760      0.394      0.599     45.370      3.609      0.093
     7.530      7.530      7.530     11.708      4.592      0.028      1.087     87.940      2.565      0.048
     8.465      8.465      8.465     10.868      6.620      0.250      0.514     62.290      2.409      0.025
     7.660      7.660      7.660      8.496      3.556      0.211      0.620     78.670      1.377      0.032
     7.735      7.735      7.735     11.976      5.504      0.909      0.916     24.940      1.680      0.083
     8.715      8.715      8.715      9.024      3.900      0.912      0.977     87.760      2.244      0.023
     5.885      5.885      5.885     11.524      3.496      0.049      0.824     14.500      3.780      0.032
     6.885      6.885      6.885     11.004      4.452      0.760      0.991     72.640      1.563      0.071
     8.185      8.185      8.185     10.056      6.572      0.166      0.428     94.690      2.178      0.059
     7.330      7.330      7.330     10.584      5.980      0.912      1.147     18.280      1.557      0.050
     9.970      9.970      9.970      9.220      4.564      0.816      0.969     30.430      2.352      0.025
     8.640      8.640      8.640      9.140      3.792      0.683      0.958     46.270      1.515      0.080
     9.020      9.020      9.020     11.952      5.048      0.904      1.159     39.430      1.992      0.035
     6.480      6.480      6.480      8.996      6.396      0.194      1.118     59.590      2.814      0.040
     5.910      5.910      5.910     11.336      6.520      0.803      1.032     61.390      3.897      0.021
     6.685      6.685      6.685      8.060      4.728      0.953      0.710     90.100      3.186      0.043
     8.570      8.570      8.570      8.680      5.640      0.673      1.066     37.900      2.574      0.094
     9.295      9.295      9.295     10.360      4.464      0.331      0.498     65.440      1.884      0.080
     5.680      5.680      5.680      9.332      5.728      0.830      1.137     82.450      1.203      0.045
     8.770      8.770      8.770     10.888      3.408      0.866      0.518     14.590      2.781      0.091
     9.030      9.030      9.030     11.860      3.896      0.314      1.026     23.230      1.401      0.026
     5.460      5.460      5.460     10.264      4.132      0.286      0.640     44.830      2.529      0.033
     5.035      5.035      5.035      8.320      4.960      0.029      0.784     37.450      1.500      0.040
     7.510      7.510      7.510      9.912      6.924      0.565      1.190     94.420      1.320      0.045
     8.835      8.835      8.835     10.296      6.752      0.851      0.598     30.250      1.218      0.066
     7.485      7.485      7.485      8.420      4.552      0.465      0.539     25.390      2.676      0.044
     9.855      9.855      9.855     10.068      4.780      0.362      0.787     23.770      1.968      0.039
     5.000      5.000      5.000      8.244      4.604      0.481      0.868     90.910      2.613      0.039
     7.175      7.175      7.175     11.876      6.388      0.638      0.664     69.400      3.000      0.058
     7.650      7.650      7.650     11.660      5.028      0.182      0.920     35.470      1.803      0.040
     5.965      5.965      5.965     11.680      6.736      0.625      0.698     80.020      2.250      0.091
     8.745      8.745      8.745      9.360      6.064      0.572      0.474     70.390      2.661      0.039
     8.505      8.505      8.505      8.168      5.840      0.333      0.558     63.730      2.661      0.064
     9.330      9.330      9.330     11.996      6.196      0.902      0.886     80.650      1.905      0.025
     6.325      6.325      6.325     10.708      3.024      0.803      0.408     87.580      3.282      0.040
     8.050      8.050      8.050      8.236      3.704      0.610      1.066     23.320      1.449      0.099
     9.250      9.250      9.250     10.920      3.320      0.965      1.011     34.660      1.041      0.034
     6.835      6.835      6.835     11.000      5.492      0.014      1.154     31.600      4.008      0.093
     8.155      8.155      8.155     10.964      4.500      0.535      0.461     20.980      3.312      0.038
     8.010      8.010      8.010     10.188      5.776      0.760      0.790     74.080      1.776      0.053
     6.710      6.710      6.710      9.620      5.348      0.936      0.445     67.240      1.812      0.048
     9.060      9.060      9.060     11.440      4.688      0.151      0.434     60.220      2.943      0.065
     6.485      6.485      6.485     11.924      3.748      0.500      0.502     60.310      1.782      0.044
     5.560      5.560      5.560      9.812      6.028      0.305      0.735     74.260      1.917      0.077
     5.580      5.580      5.580      8.532      6.216      0.570      0.863     32.140      2.478      0.065
     9.335      9.335      9.335      9.772      6.396      0.195      1.146     81.910      2.286      0.084
     8.360      8.360      8.360      8.868      5.644      0.575      0.898     59.590      3.921      0.079
     8.300      8.300      8.300      9.020      5.340      0.973      0.833     10.360      3.579      0.088
     6.615      6.615      6.615     11.640      6.124      0.630      0.438     32.860      1.266      0.048
     7.835      7.835      7.835     10.300      5.560      0.594      1.173     95.680      1.341      0.096
     8.625      8.625      8.625      9.052      3.292      0.561      0.792     55.630      2.025      0.036
     5.620      5.620      5.620      8.048      3.572      0.278      0.892     81.460      2.184      0.048
     6.170      6.170      6.170      9.056      6.616      0.711      0.493     11.440      3.282      0.064
     7.255      7.255      7.255     10.508      5.052      0.322      0.942     71.470      2.298      0.087
     8.115      8.115      8.115     11.916      5.676      0.769      0.959     85.510      1.302      0.096
     6.225      6.225      6.225      9.740      4.472      0.679      0.925     97.030      1.509      0.037
     5.845      5.845      5.845      8.152      6.972      0.888      1.146     96.400      2.460      0.062
     5.775      5.775      5.775     10.408      5.056      0.479      0.418     27.370      3.027      0.026
     9.320      9.320      9.320     11.628      5.844      0.273      0.967     17.380      2.829      0.026
     6.500      6.500      6.500     11.160      6.652      0.700      1.124     46.000      2.577      0.024
     5.635      5.635      5.635      8.812      5.392      0.926      1.127     52.390      2.094      0.068
     5.280      5.280      5.280     10.124      4.152      0.922      0.522     92.260      3.345      0.071
     8.825      8.825      8.825      8.084      6.316      0.490      1.178     25.300      3.459      0.061
     6.980      6.980      6.980      9.256      4.004      0.051      0.426     91.900      3.132      0.028
     8.805      8.805      8.805      9.916      5.376      0.293      0.937     67.060      3.741      0.046
     7.235      7.235      7.235     10.852      3.728      0.309      1.024     64.270      1.278      0.054
     7.410      7.410      7.410     11.424      3.600      0.998      0.582     54.010      2.163      0.078
     8.245      8.245      8.245     11.360      5.596      0.627      0.648     12.520      3.909      0.062
     6.575      6.575      6.575      8.552      6.020      0.899      1.198     92.980      1.674      0.067
     9.675      9.675      9.675      8.300      5.100      0.542      1.192     47.440      3.207      0.071
     9.900      9.900      9.900      9.236      4.268      0.626      0.654     13.240      1.086      0.060
     7.600      7.600      7.600      9.608      3.020      0.410      0.622     37.270      2.964      0.062
     8.480      8.480      8.480     11.156      6.180      0.613      0.404     20.530      3.228      0.060
     9.475      9.475      9.475      8.148      5.560      0.874      0.464     17.830      2.976      0.056
     7.445      7.445      7.445      9.104      4.752      0.747      0.821     84.160      3.516      0.034
     6.150      6.150      6.150      8.684      4.068      0.645      1.171     77.770      1.350      0.049
     5.940      5.940      5.940     10.996      5.480      0.236      0.744     23.680      2.484      0.029
     5.050      5.050      5.050      9.076      3.768      0.702      0.996     35.290      3.339      0.057
