     0.382      0.650      0.375      0.087      0.256      0.162      0.753      0.381      0.125      0.329
     0.083      0.468      0.430      0.953      0.930      0.652      0.179      0.064      0.843      0.869
     0.249      0.012      0.999      0.995      0.665      0.707      0.162      0.237      0.818      0.670
     0.541      0.561      0.319      0.292      0.885      0.781      0.554      0.613      0.983      0.321
     0.709      0.370      0.638      0.778      0.344      0.241      0.328      0.031      0.827      0.010
     0.212      0.482      0.336      0.132      0.487      0.587      0.699      0.548      0.019      0.532
     0.123      0.253      0.847      0.507      0.314      0.529      0.961      0.338      0.482      0.160
     0.427      0.035      0.775      0.699      0.783      0.544      0.307      0.638      0.517      0.122
     0.333      0.406      0.661      0.288      0.310      0.462      0.517      0.723      0.846      0.171
     0.053      0.846      0.404      0.693      0.094      0.620      0.726      0.444      0.412      0.323
     0.920      0.131      0.727      0.270      0.335      0.799      0.706      0.450      0.045      0.886
     0.321      0.199      0.887      0.705      0.868      0.125      0.442      0.782      0.605      0.878
     0.558      0.416      0.924      0.091      0.450      0.555      0.217      0.316      0.922      0.203
     0.882      0.174      0.364      0.894      0.307      0.833      0.482      0.136      0.534      0.325
     0.996      0.998      0.766      0.431      0.046      0.226      0.900      0.146      0.078      0.719
     0.808      0.484      0.032      0.992      0.023      0.947      0.353      0.464      0.511      0.234
     0.569      0.884      0.276      0.168      0.738      0.887      0.292      0.954      0.708      0.632
     0.048      0.733      0.961      0.113      0.258      0.448      0.193      0.607      0.060      0.329
     0.726      0.501      0.755      0.047      0.560      0.798      0.432      0.023      0.308      0.263
     0.835      0.148      0.693      0.832      0.731      0.131      0.549      0.583      0.847      0.772
     0.333      0.019      0.620      0.555      0.682      0.843      0.140      0.411      0.386      0.526
     0.632      0.970      0.038      0.984      0.018      0.690      0.766      0.597      0.626      0.394
     0.079      0.135      0.564      0.626      0.125      0.848      0.780      0.491      0.205      0.979
     0.616      0.126      0.511      0.243      0.864      0.370      0.715      0.668      0.398      0.657
     0.760      0.879      0.896      0.883      0.676      0.963      0.444      0.883      0.996      0.692
     0.119      0.446      0.687      0.418      0.475      0.494      0.994      0.934      0.839      0.199
     0.483      0.894      0.938      0.501      0.071      0.578      0.784      0.278      0.493      0.301
     0.296      0.214      0.486      0.455      0.890      0.470      0.593      0.897      0.132      0.859
     0.347      0.544      0.540      0.940      0.657      0.215      0.581      0.803      0.199      0.676
     0.132      0.036      0.350      0.556      0.880      0.324      0.294      0.846      0.027      0.954
     0.555      0.767      0.531      0.770      0.845      0.443      0.943      0.113      0.360      0.625
     0.815      0.996      0.992      0.259      0.672      0.905      0.723      0.375      0.105      0.666
     0.855      0.448      0.453      0.461      0.285      0.508      0.021      0.242      0.913      0.412
     0.571      0.570      0.621      0.028      0.309      0.527      0.264      0.434      0.328      0.089
     0.694      0.078      0.426      0.877      0.275      0.694      0.772      0.605      0.489      0.975
     0.030      0.137      0.535      0.547      0.430      0.955      0.456      0.829      0.795      0.888
     0.293      0.116      0.657      0.030      0.248      0.404      0.936      0.857      0.312      0.704
     0.081      0.028      0.448      0.201      0.751      0.983      0.012      0.499      0.221      0.077
     0.397      0.538      0.182      0.273      0.149      0.749      0.642      0.949      0.988      0.053
     0.934      0.411      0.335      0.136      0.038      0.963      0.188      0.725      0.374      0.141
     0.858      0.169      0.703      0.140      0.201      0.317      0.065      0.997      0.368      0.408
     0.046      0.466      0.272      0.881      0.537      0.635      0.494      0.525      0.242      0.924
     0.539      0.625      0.367      0.936      0.232      0.433      0.120      0.837      0.675      0.170
     0.929      0.113      0.904      0.134      0.907      0.875      0.963      0.702      0.948      0.203
     0.353      0.821      0.680      0.161      0.079      0.401      0.896      0.731      0.554      0.609
     0.907      0.508      0.355      0.841      0.320      0.485      0.106      0.898      0.970      0.686
     0.999      0.422      0.148      0.488      0.576      0.897      0.646      0.518      0.888      0.126
     0.688      0.604      0.402      0.337      0.806      0.901      0.360      0.264      0.582      0.136
     0.587      0.347      0.433      0.080      0.233      0.155      0.733      0.934      0.859      0.093
     0.528      0.919      0.247      0.260      0.452      0.387      0.868      0.204      0.478      0.251
     0.775      0.122      0.538      0.495      0.632      0.966      0.800      0.383      0.500      0.184
     0.522      0.328      0.159      0.096      0.642      0.175      0.185      0.553      0.863      0.647
     0.056      0.090      0.966      0.869      0.879      0.857      0.095      0.478      0.311      0.963
     0.966      0.059      0.577      0.154      0.582      0.157      0.143      0.425      0.150      0.918
     0.216      0.805      0.649      0.634      0.862      0.286      0.959      0.228      0.664      0.222
     0.741      0.313      0.256      0.511      0.564      0.256      0.372      0.390      0.253      0.982
     0.098      0.026      0.409      0.238      0.949      0.196      0.327      0.805      0.348      0.020
     0.368      0.082      0.019      0.439      0.179      0.602      0.027      0.377      0.133      0.988
     0.283      0.875      0.849      0.897      0.122      0.737      0.950      0.485      0.582      0.822
     0.886      0.376      0.871      0.930      0.569      0.153      0.539      0.975      0.449      0.278
     0.590      0.431      0.346      0.213      0.565      0.798      0.996      0.149      0.268      0.192
     0.773      0.941      0.064      0.800      0.774      0.867      0.117      0.035      0.600      0.094
     0.133      0.046      0.969      0.489      0.315      0.822      0.250      0.144      0.956      0.785
     0.310      0.261      0.084      0.176      0.401      0.765      0.949      0.612      0.391      0.442
     0.528      0.959      0.569      0.739      0.349      0.431      0.713      0.226      0.776      0.616
     0.549      0.625      0.769      0.460      0.872      0.893      0.400      0.538      0.148      0.195
     0.796      0.730      0.719      0.304      0.127      0.225      0.504      0.519      0.036      0.775
     0.460      0.800      0.292      0.441      0.332      0.991      0.376      0.742      0.601      0.394
     0.709      0.120      0.251      0.094      0.477      0.340      0.854      0.157      0.280      0.269
     0.747      0.880      0.612      0.434      0.147      0.859      0.320      0.212      0.111      0.497
     0.043      0.848      0.299      0.596      0.574      0.752      0.093      0.508      0.371      0.895
     0.676      0.273      0.471      0.988      0.645      0.478      0.788      0.742      0.725      0.595
     0.239      0.318      0.466      0.852      0.442      0.082      0.341      0.592      0.790      0.980
     0.900      0.976      0.681      0.430      0.033      0.676      0.713      0.350      0.536      0.403
     0.655      0.308      0.798      0.078      0.779      0.041      0.874      0.651      0.402      0.848
     0.664      0.311      0.137      0.538      0.726      0.084      0.528      0.577      0.784      0.865
     0.847      0.306      0.160      0.991      0.111      0.597      0.190      0.854      0.768      0.129
     0.544      0.070      0.731      0.578      0.529      0.558      0.938      0.194      0.135      0.693
     0.431      0.208      0.607      0.688      0.725      0.413      0.369      0.890      0.033      0.237
     0.778      0.423      0.861      0.630      0.960      0.415      0.011      0.462      0.100      0.279
     0.128      0.602      0.960      0.265      0.045      0.245      0.557      0.010      0.500      0.912
     0.716      0.211      0.003      0.455      0.543      0.292      0.387      0.095      0.427      0.208
     0.370      0.291      0.174      0.430      0.817      0.137      0.220      0.630      0.457      0.447
     0.594      0.724      0.270      0.799      0.860      0.968      0.439      0.692      0.541      0.367
     0.068      0.470      0.442      0.047      0.730      0.203      0.969      0.835      0.724      0.333
     0.246      0.122      0.275      0.471      0.413      0.726      0.155      0.074      0.742      0.553
     0.565      0.677      0.142      0.809      0.570      0.654      0.867      0.802      0.985      0.427
     0.093      0.609      0.352      0.890      0.002      0.711      0.673      0.487      0.623      0.760
     0.991      0.441      0.444      0.569      0.057      0.242      0.215      0.113      0.184      0.433
     0.252      0.206      0.407      0.339      0.946      0.716      0.453      0.061      0.915      0.708
     0.824      0.088      0.202      0.111      0.179      0.901      0.125      0.260      0.638      0.186
     0.014      0.425      0.491      0.866      0.178      0.565      0.471      0.291      0.877      0.140
     0.457      0.495      0.667      0.073      0.504      0.056      0.664      0.853      0.397      0.715
     0.454      0.112      0.665      0.592      0.354      0.363      0.180      0.128      0.964      0.991
     0.004      0.557      0.534      0.939      0.008      0.631      0.062      0.768      0.434      0.870
     0.266      0.790      0.971      0.688      0.348      0.474      0.189      0.344      0.837      0.325
     0.078      0.191      0.976      0.050      0.615      0.000      0.278      0.710      0.820      0.348
     0.948      0.408      0.682      0.209      0.263      0.452      0.298      0.163      0.297      0.753
     0.257      0.948      0.027      0.789      0.374      0.660      0.618      0.772      0.122      0.448
     0.783      0.814      0.991      0.351      0.294      0.233      0.167      0.267      0.624      0.726
     0.590      0.393      0.411      0.466      0.248      0.739      0.413      0.334      0.242      0.227
     0.435      0.194      0.501      0.019      0.541      0.311      0.974      0.238      0.612      0.206
     0.443      0.847      0.376      0.516      0.466      0.604      0.352      0.428      0.017      0.538
     0.648      0.479      0.315      0.073      0.477      0.535      0.121      0.905      0.443      0.444
     0.962      0.128      0.456      0.435      0.827      0.488      0.658      0.441      0.794      0.927
     0.468      0.112      0.194      0.051      0.108      0.886      0.336      0.666      0.869      0.137
     0.182      0.654      0.971      0.253      0.328      0.708      0.016      0.745      0.492      0.867
     0.744      0.179      0.195      0.832      0.956      0.668      0.791      0.866      0.420      0.027
     0.444      0.404      0.818      0.858      0.603      0.732      0.448      0.299      0.162      0.672
     0.782      0.264      0.729      0.732      0.894      0.990      0.815      0.874      0.015      0.089
     0.247      0.488      0.138      0.224      0.680      0.635      0.319      0.638      0.898      0.664
     0.081      0.852      0.892      0.462      0.962      0.869      0.853      0.473      0.330      0.414
     0.849      0.953      0.153      0.377      0.583      0.035      0.286      0.673      0.372      0.142
     0.734      0.020      0.688      0.303      0.154      0.172      0.739      0.717      0.476      0.058
     0.877      0.057      0.325      0.701      0.285      0.463      0.271      0.167      0.683      0.204
     0.869      0.161      0.413      0.459      0.213      0.884      0.019      0.843      0.689      0.922
     0.538      0.716      0.753      0.457      0.813      0.412      0.973      0.044      0.391      0.847
     0.639      0.470      0.544      0.144      0.122      0.419      0.131      0.960      0.622      0.295
     0.997      0.222      0.893      0.150      0.171      0.146      0.357      0.875      0.077      0.933
     0.257      0.664      0.994      0.519      0.469      0.568      0.792      0.770      0.075      0.509
     0.017      0.768      0.790      0.033      0.153      0.493      0.608      0.744      0.031      0.049
     0.555      0.095      0.016      0.490      0.143      0.965      0.096      0.276      0.218      0.115
     0.359      0.785      0.132      0.590      0.050      0.040      0.183      0.223      0.092      0.083
     0.679      0.430      0.823      0.792      0.821      0.317      0.297      0.440      0.792      0.245
     0.620      0.097      0.097      0.268      0.532      0.995      0.492      0.645      0.844      0.897
     0.823      0.192      0.296      0.315      0.973      0.521      0.206      0.913      0.237      0.650
     0.461      0.325      0.320      0.934      0.810      0.819      0.617      0.527      0.957      0.125
     0.356      0.072      0.247      0.119      0.712      0.648      0.482      0.678      0.038      0.884
     0.917      0.812      0.773      0.411      0.341      0.950      0.325      0.764      0.041      0.558
     0.200      0.981      0.748      0.740      0.314      0.040      0.055      0.423      0.710      0.413
     0.350      0.432      0.298      0.865      0.853      0.510      0.786      0.648      0.987      0.880
     0.381      0.818      0.469      0.873      0.169      0.936      0.630      0.072      0.553      0.401
     0.732      0.532      0.215      0.614      0.336      0.531      0.254      0.235      0.771      0.166
     0.232      0.243      0.849      0.973      0.434      0.412      0.224      0.867      0.780      0.055
     0.571      0.447      0.281      0.759      0.376      0.592      0.216      0.270      0.941      0.053
     0.910      0.608      0.421      0.477      0.597      0.686      0.129      0.984      0.417      0.405
     0.049      0.137      0.384      0.294      0.129      0.923      0.908      0.670      0.206      0.788
     0.204      0.241      0.009      0.803      0.595      0.032      0.198      0.467      0.363      0.701
     0.441      0.307      0.610      0.708      0.252      0.458      0.956      0.810      0.439      0.482
     0.846      0.151      0.720      0.174      0.620      0.826      0.356      0.353      0.604      0.740
     0.361      0.427      0.215      0.215      0.639      0.184      0.985      0.169      0.038      0.793
     0.634      0.819      0.997      0.089      0.843      0.038      0.470      0.067      0.999      0.090
     0.364      0.753      0.786      0.006      0.508      0.622      0.397      0.030      0.859      0.240
     0.073      0.828      0.981      0.245      0.918      0.539      0.693      0.736      0.659      0.834
     0.223      0.673      0.100      0.678      0.601      0.993      0.796      0.874      0.411      0.483
     0.786      0.904      0.711      0.119      0.219      0.846      0.331      0.430      0.700      0.513
     0.617      0.920      0.986      0.094      0.351      0.109      0.453      0.028      0.280      0.463
     0.137      0.951      0.931      0.178      0.322      0.098      0.087      0.388      0.170      0.941
     0.509      0.559      0.091      0.643      0.257      0.525      0.512      0.735      0.652      0.244
     0.418      0.844      0.059      0.945      0.454      0.358      0.524      0.744      0.313      0.385
     0.766      0.841      0.153      0.645      0.841      0.558      0.925      0.430      0.800      0.930
     0.654      0.294      0.763      0.219      0.356      0.729      0.753      0.276      0.691      0.507
     0.818      0.664      0.579      0.159      0.121      0.204      0.818      0.069      0.053      0.470
     0.955      0.743      0.714      0.385      0.397      0.548      0.850      0.273      0.072      0.223
     0.159      0.348      0.587      0.635      0.371      0.057      0.141      0.535      0.331      0.499
     0.885      0.687      0.942      0.721      0.049      0.381      0.395      0.468      0.352      0.481
     0.330      0.555      0.707      0.389      0.891      0.556      0.323      0.191      0.154      0.698
     0.650      0.201      0.259      0.918      0.630      0.637      0.363      0.446      0.005      0.111
     0.903      0.092      0.127      0.660      0.384      0.811      0.462      0.705      0.404      0.181
     0.977      0.050      0.713      0.312      0.924      0.910      0.460      0.946      0.046      0.098
     0.725      0.784      0.128      0.893      0.974      0.228      0.273      0.138      0.104      0.943
     0.415      0.523      0.845      0.248      0.994      0.002      0.915      0.840      0.174      0.577
     0.811      0.983      0.865      0.128      0.241      0.564      0.982      0.582      0.886      0.217
     0.467      0.611      0.841      0.572      0.336      0.986      0.321      0.470      0.684      0.943
     0.085      0.579      0.338      0.816      0.662      0.533      0.139      0.538      0.675      0.952
     0.328      0.349      0.107      0.137      0.302      0.080      0.010      0.478      0.069      0.336
     0.074      0.219      0.092      0.202      0.986      0.596      0.992      0.379      0.195      0.686
     0.159      0.743      0.440      0.379      0.221      0.705      0.734      0.401      0.071      0.630
     0.592      0.486      0.053      0.150      0.231      0.020      0.400      0.314      0.521      0.993
     0.714      0.597      0.326      0.472      0.520      0.532      0.901      0.549      0.190      0.612
     0.172      0.662      0.658      0.259      0.588      0.491      0.912      0.564      0.257      0.904
     0.205      0.601      0.558      0.235      0.010      0.329      0.544      0.139      0.023      0.708
     0.681      0.313      0.386      0.187      0.271      0.826      0.165      0.231      0.830      0.321
     0.906      0.476      0.406      0.594      0.279      0.738      0.743      0.310      0.268      0.066
     0.003      0.176      0.322      0.541      0.686      0.360      0.029      0.990      0.135      0.474
     0.291      0.139      0.835      0.967      0.676      0.258      0.647      0.098      0.901      0.717
     0.103      0.736      0.633      0.764      0.785      0.275      0.111      0.462      0.831      0.023
     0.459      0.775      0.257      0.727      0.029      0.488      0.077      0.580      0.944      0.406
     0.095      0.587      0.796      0.107      0.771      0.152      0.408      0.365      0.354      0.028
     0.479      0.998      0.144      0.341      0.352      0.710      0.582      0.182      0.901      0.237
     0.104      0.648      0.146      0.155      0.398      0.350      0.725      0.089      0.588      0.618
     0.707      0.730      0.770      0.854      0.530      0.052      0.744      0.429      0.624      0.953
     0.955      0.603      0.945      0.014      0.206      0.129      0.567      0.918      0.407      0.163
     0.940      0.808      0.347      0.383      0.907      0.367      0.487      0.635      0.939      0.679
     0.563      0.288      0.028      0.405      0.763      0.633      0.127      0.919      0.117      0.732
     0.118      0.895      0.173      0.143      0.338      0.664      0.423      0.025      0.514      0.348
     0.796      0.225      0.883      0.851      0.086      0.466      0.803      0.414      0.256      0.421
     0.287      0.925      0.498      0.376      0.734      0.653      0.169      0.202      0.046      0.902
     0.699      0.881      0.654      0.562      0.448      0.974      0.967      0.358      0.445      0.635
     0.902      0.172      0.987      0.374      0.393      0.915      0.627      0.662      0.741      0.805
     0.911      0.771      0.571      0.474      0.652      0.053      0.527      0.639      0.228      0.704
     0.324      0.691      0.593      0.502      0.114      0.343      0.774      0.047      0.587      0.993
     0.654      0.014      0.122      0.355      0.482      0.179      0.463      0.223      0.902      0.039
     0.162      0.715      0.457      0.946      0.538      0.351      0.498      0.061      0.928      0.705
     0.551      0.197      0.919      0.318      0.406      0.442      0.776      0.891      0.053      0.813
     0.381      0.640      0.517      0.083      0.526      0.338      0.734      0.979      0.059      0.022
     0.164      0.274      0.403      0.846      0.297      0.467      0.285      0.956      0.084      0.409
     0.721      0.525      0.864      0.625      0.699      0.835      0.213      0.880      0.726      0.505
     0.015      0.397      0.534      0.186      0.076      0.422      0.168      0.927      0.301      0.557
     0.651      0.632      0.663      0.612      0.807      0.046      0.125      0.106      0.149      0.198
     0.595      0.497      0.873      0.485      0.546      0.954      0.259      0.288      0.895      0.106
     0.009      0.410      0.686      0.770      0.648      0.078      0.515      0.599      0.017      0.724
     0.720      0.884      0.281      0.622      0.482      0.081      0.031      0.526      0.593      0.308
     0.072      0.283      0.183      0.200      0.399      0.839      0.135      0.308      0.095      0.316
     0.540      0.935      0.265      0.953      0.421      0.593      0.402      0.833      0.716      0.196
     0.513      0.542      0.194      0.069      0.802      0.612      0.762      0.788      0.981      0.618
     0.198      0.282      0.887      0.327      0.030      0.035      0.049      0.268      0.384      0.006
     0.087      0.614      0.726      0.184      0.078      0.947      0.763      0.378      0.644      0.853
     0.893      0.747      0.855      0.926      0.613      0.142      0.812      0.022      0.080      0.264
     0.772      0.186      0.109      0.067      0.757      0.287      0.834      0.822      0.721      0.103
     0.899      0.839      0.820      0.517      0.581      0.357      0.565      0.108      0.865      0.612
     0.064      0.254      0.651      0.347      0.842      0.089      0.254      0.793      0.189      0.432
     0.673      0.134      0.336      0.301      0.410      0.460      0.910      0.373      0.120      0.091
     0.412      0.436      0.898      0.273      0.469      0.746      0.099      0.330      0.364      0.532
     0.013      0.414      0.632      0.049      0.204      0.802      0.630      0.626      0.360      0.547
     0.274      0.907      0.428      0.022      0.067      0.396      0.313      0.042      0.650      0.041
     0.210      0.952      0.764      0.472      0.552      0.135      0.044      0.453      0.122      0.832
     0.521      0.994      0.636      0.979      0.278      0.549      0.529      0.362      0.371      0.100
     0.607      0.384      0.599      0.003      0.687      0.257      0.613      0.933      0.879      0.121
     0.149      0.741      0.515      0.798      0.131      0.457      0.045      0.341      0.172      0.846
     0.804      0.169      0.548      0.639      0.899      0.774      0.572      0.784      0.203      0.491
     0.525      0.770      0.940      0.426      0.888      0.755      0.741      0.360      0.079      0.275
     0.036      0.901      0.135      0.444      0.065      0.972      0.864      0.091      0.133      0.872
     0.942      0.028      0.617      0.335      0.604      0.701      0.506      0.202      0.610      0.188
     0.702      0.962      0.464      0.082      0.487      0.706      0.906      0.475      0.646      0.874
     0.267      0.425      0.012      0.767      0.554      0.368      0.845      0.014      0.125      0.497
     0.313      0.419      0.500      0.615      0.230      0.729      0.425      0.092      0.584      0.624
     0.898      0.485      0.641      0.071      0.304      0.012      0.718      0.780      0.767      0.451
     0.863      0.213      0.147      0.690      0.303      0.168      0.626      0.324      0.334      0.469
     0.746      0.270      0.518      0.035      0.778      0.979      0.574      0.972      0.930      0.568
     0.507      0.514      0.642      0.810      0.318      0.391      0.099      0.699      0.163      0.852
     0.338      0.974      0.504      0.035      0.295      0.472      0.712      0.566      0.006      0.565
     0.365      0.880      0.854      0.297      0.965      0.980      0.260      0.106      0.745      0.095
     0.492      0.352      0.782      0.109      0.425      0.563      0.292      0.786      0.361      0.681
     0.678      0.088      0.750      0.758      0.239      0.454      0.562      0.511      0.128      0.989
     0.361      0.611      0.768      0.643      0.461      0.448      0.160      0.250      0.765      0.592
     0.616      0.781      0.603      0.830      0.992      0.575      0.021      0.532      0.466      0.259
     0.411      0.533      0.657      0.506      0.338      0.918      0.105      0.569      0.169      0.047
     0.427      0.138      0.307      0.549      0.573      0.455      0.855      0.134      0.087      0.835
     0.185      0.038      0.484      0.419      0.360      0.423      0.070      0.718      0.599      0.893
     0.191      0.768      0.817      0.982      0.434      0.123      0.861      0.324      0.485      0.890
     0.706      0.573      0.995      0.987      0.600      0.373      0.240      0.717      0.978      0.458
     0.500      0.449      0.913      0.195      0.981      0.061      0.737      0.333      0.251      0.377
     0.052      0.682      0.155      0.065      0.548      0.345      0.758      0.271      0.483      0.070
     0.658      0.858      0.368      0.812      0.396      0.064      0.384      0.060      0.230      0.127
     0.043      0.152      0.372      0.166      0.754      0.748      0.426      0.134      0.531      0.669
     0.173      0.819      0.612      0.720      0.751      0.720      0.799      0.883      0.513      0.487
     0.131      0.675      0.859      0.702      0.012      0.417      0.923      0.356      0.824      0.230
     0.913      0.233      0.582      0.665      0.797      0.077      0.923      0.985      0.255      0.527
     0.305      0.067      0.865      0.544      0.113      0.869      0.743      0.200      0.107      0.396
     0.256      0.052      0.115      0.532      0.721      0.593      0.581      0.760      0.510      0.808
     0.065      0.668      0.033      0.247      0.245      0.107      0.018      0.356      0.367      0.029
     0.981      0.710      0.205      0.958      0.839      0.199      0.463      0.819      0.918      0.626
     0.448      0.618      0.278      0.771      0.134      0.616      0.123      0.755      0.401      0.729
     0.454      0.384      0.799      0.782      0.237      0.070      0.348      0.070      0.574      0.417
     0.603      0.943      0.747      0.100      0.156      0.764      0.983      0.700      0.856      0.999
     0.024      0.938      0.202      0.755      0.473      0.474      0.881      0.983      0.944      0.320
     0.265      0.002      0.265      0.358      0.215      0.043      0.119      0.762      0.683      0.891
     0.052      0.224      0.974      0.641      0.017      0.269      0.775      0.587      0.725      0.460
     0.608      0.011      0.197      0.707      0.411      0.697      0.163      0.389      0.802      0.502
     0.263      0.639      0.075      0.343      0.393      0.751      0.794      0.370      0.719      0.113
     0.662      0.181      0.933      0.187      0.098      0.435      0.510      0.916      0.780      0.714
     0.525      0.277      0.304      0.219      0.869      0.755      0.507      0.003      0.953      0.648
     0.231      0.636      0.451      0.437      0.151      0.267      0.926      0.970      0.471      0.420
     0.546      0.701      0.496      0.130      0.966      0.330      0.981      0.487      0.916      0.638
     0.061      0.355      0.253      0.957      0.679      0.712      0.859      0.229      0.592      0.412
     0.647      0.305      0.056      0.990      0.104      0.115      0.682      0.482      0.687      0.044
     0.557      0.580      0.924      0.749      0.528      0.255      0.479      0.977      0.705      0.721
     0.831      0.388      0.037      0.123      0.928      0.790      0.829      0.020      0.634      0.338
     0.302      0.850      0.050      0.392      0.973      0.646      0.282      0.109      0.821      0.808
     0.046      0.418      0.709      0.146      0.223      0.311      0.732      0.655      0.849      0.795
     0.282      0.955      0.032      0.950      0.768      0.131      0.094      0.893      0.572      0.735
     0.763      0.709      0.686      0.095      0.372      0.062      0.428      0.614      0.374      0.122
     0.166      0.911      0.792      0.588      0.415      0.409      0.269      0.053      0.301      0.338
     0.187      0.802      0.577      0.927      0.970      0.378      0.009      0.046      0.108      0.033
     0.912      0.047      0.811      0.320      0.734      0.543      0.449      0.292      0.140      0.921
     0.747      0.385      0.619      0.291      0.722      0.260      0.327      0.207      0.201      0.804
     0.418      0.085      0.341      0.060      0.791      0.942      0.295      0.242      0.325      0.169
     0.946      0.262      0.182      0.557      0.195      0.960      0.395      0.412      0.294      0.104
     0.167      0.889      0.384      0.685      0.464      0.160      0.303      0.607      0.649      0.287
     0.021      0.822      0.212      0.524      0.922      0.877      0.701      0.948      0.155      0.451
     0.213      0.506      0.983      0.682      0.376      0.662      0.007      0.329      0.787      0.928
     0.860      0.759      0.722      0.691      0.771      0.578      0.219      0.814      0.565      0.168
     0.609      0.990      0.957      0.779      0.625      0.945      0.389      0.418      0.788      0.866
     0.485      0.511      0.134      0.030      0.017      0.724      0.352      0.738      0.956      0.398
     0.729      0.569      0.464      0.649      0.382      0.651      0.927      0.907      0.546      0.764
     0.882      0.847      0.322      0.834      0.509      0.438      0.552      0.459      0.341      0.947
     0.799      0.592      0.521      0.127      0.586      0.260      0.339      0.650      0.339      0.230
     0.884      0.159      0.459      0.805      0.220      0.415      0.826      0.680      0.195      0.745
     0.754      0.733      0.221      0.941      0.701      0.299      0.472      0.937      0.214      0.457
     0.196      0.626      0.626      0.964      0.736      0.243      0.594      0.747      0.041      0.966
     0.102      0.992      0.487      0.010      0.438      0.792      0.610      0.841      0.077      0.524
     0.308      0.975      0.694      0.349      0.263      0.206      0.060      0.150      0.607      0.280
     0.194      0.742      0.508      0.776      0.647      0.758      0.569      0.499      0.009      0.607
     0.346      0.503      0.180      0.307      0.999      0.021      0.916      0.972      0.013      0.108
     0.950      0.718      0.561      0.040      0.075      0.303      0.071      0.774      0.051      0.148
     0.533      0.351      0.110      0.264      0.691      0.864      0.599      0.999      0.098      0.842
     0.986      0.420      0.824      0.217      0.003      0.044      0.359      0.568      0.695      0.933
     0.794      0.913      0.296      0.959      0.761      0.938      0.305      0.413      0.869      0.199
     0.892      0.564      0.420      0.787      0.998      0.407      0.381      0.725      0.503      0.523
     0.316      0.876      0.311      0.076      0.428      0.104      0.050      0.723      0.193      0.372
     0.982      0.210      0.964      0.329      0.835      0.455      0.685      0.166      0.882      0.061
     0.392      0.389      0.082      0.003      0.685      0.574      0.993      0.663      0.175      0.248
     0.830      0.556      0.598      0.767      0.348      0.431      0.715      0.811      0.325      0.838
     0.674      0.513      0.764      0.542      0.312      0.376      0.110      0.813      0.549      0.197
     0.922      0.116      0.006      0.839      0.455      0.907      0.213      0.878      0.756      0.619
     0.398      0.647      0.778      0.327      0.555      0.402      0.192      0.676      0.336      0.621
     0.731      0.294      0.223      0.001      0.979      0.959      0.538      0.533      0.687      0.803
     0.834      0.102      0.830      0.938      0.115      0.726      0.995      0.321      0.797      0.721
     0.421      0.797      0.758      0.376      0.232      0.523      0.251      0.856      0.557      0.009
     0.819      0.450      0.022      0.470      0.861      0.894      0.157      0.792      0.953      0.463
     0.563      0.770      0.583      0.211      0.633      0.237      0.156      0.794      0.175      0.668
     0.712      0.177      0.199      0.116      0.707      0.217      0.305      0.542      0.482      0.172
     0.519      0.922      0.217      0.913      0.189      0.643      0.057      0.306      0.014      0.734
     0.360      0.535      0.396      0.587      0.644      0.744      0.028      0.912      0.209      0.236
     0.422      0.501      0.569      0.696      0.203      0.764      0.341      0.503      0.383      0.899
     0.175      0.887      0.043      0.864      0.914      0.022      0.843      0.628      0.629      0.743
     0.559      0.298      0.230      0.564      0.866      0.920      0.192      0.235      0.130      0.313
     0.925      0.515      0.662      0.823      0.821      0.113      0.638      0.510      0.259      0.466
     0.975      0.719      0.961      0.754      0.786      0.847      0.309      0.255      0.457      0.468
     0.808      0.500      0.674      0.450      0.945      0.177      0.370      0.130      0.006      0.990
     0.138      0.119      0.759      0.703      0.324      0.138      0.520      0.153      0.997      0.094
     0.474      0.533      0.588      0.165      0.162      0.118      0.366      0.654      0.773      0.824
     0.828      0.786      0.917      0.781      0.621      0.933      0.145      0.574      0.872      0.310
     0.749      0.248      0.414      0.513      0.472      0.089      0.115      0.474      0.866      0.659
     0.070      0.593      0.163      0.423      0.301      0.005      0.035      0.924      0.293      0.402
     0.074      0.171      0.371      0.799      0.752      0.600      0.749      0.285      0.806      0.573
     0.943      0.492      0.362      0.967      0.985      0.952      0.257      0.521      0.537      0.311
     0.404      0.403      0.801      0.079      0.436      0.839      0.811      0.988      0.020      0.289
     0.272      0.442      0.478      0.053      0.459      0.664      0.989      0.592      0.938      0.722
     0.042      0.883      0.646      0.850      0.142      0.881      0.702      0.523      0.062      0.680
     0.704      0.287      0.018      0.288      0.526      0.747      0.332      0.674      0.508      0.555
     0.762      0.069      0.588      0.445      0.830      0.158      0.863      0.053      0.424      0.139
     0.083      0.073      0.614      0.637      0.483      0.192      0.807      0.588      0.731      0.211
     0.389      0.790      0.597      0.487      0.703      0.523      0.086      0.039      0.102      0.620
     0.400      0.864      0.803      0.385      0.954      0.692      0.431      0.328      0.796      0.561
     0.392      0.525      0.911      0.193      0.854      0.039      0.415      0.317      0.248      0.783
     0.145      0.066      0.030      0.132      0.673      0.751      0.929      0.343      0.873      0.046
     0.032      0.279      0.815      0.761      0.471      0.937      0.161      0.205      0.226      0.059
     0.319      0.299      0.922      0.745      0.790      0.141      0.639      0.452      0.903      0.540
     0.638      1.000      0.986      0.686      0.951      0.770      0.557      0.034      0.578      0.830
     0.088      0.783      0.826      0.867      0.745      0.736      0.455      0.328      0.120      0.521
     0.516      0.755      0.205      0.653      0.507      0.866      0.747      0.365      0.440      0.316
     0.509      0.099      0.437      0.331      0.288      0.385      0.755      0.831      0.399      0.106
     0.781      0.812      0.873      0.676      0.408      0.180      0.280      0.238      0.742      0.460
     0.140      0.339      0.378      0.680      0.371      0.254      0.046      0.979      0.578      0.973
     0.317      0.653      0.389      0.829      0.600      0.682      0.779      0.861      0.650      0.913
     0.562      0.705      0.674      0.407      0.027      0.129      0.778      0.965      0.550      0.201
     0.550      0.622      0.080      0.774      0.832      0.077      0.845      0.880      0.146      0.175
     0.258      0.224      0.348      0.226      0.987      0.961      0.343      0.856      0.695      0.213
     0.698      0.207      0.089      0.991      0.919      0.025      0.333      0.832      0.694      0.654
     0.983      0.080      0.482      0.815      0.094      0.198      0.276      0.370      0.616      0.356
     0.570      0.490      0.301      0.279      0.695      0.180      0.971      0.562      0.536      0.812
     0.826      0.522      0.294      0.293      0.129      0.175      0.014      0.347      0.076      0.165
     0.027      0.930      0.845      0.876      0.172      0.728      0.051      0.133      0.234      0.583
     0.997      0.502      0.139      0.550      0.059      0.008      0.590      0.298      0.933      0.174
     0.684      0.558      0.907      0.498      0.818      0.502      0.266      0.964      0.665      0.921
     0.374      0.924      0.575      0.787      0.936      0.650      0.768      0.337      0.558      0.081
     0.871      0.692      0.280      0.637      0.718      0.669      0.520      0.568      0.229      0.368
     0.358      0.400      0.190      0.010      0.381      0.186      0.588      0.624      0.183      0.783
     0.465      0.030      0.939      0.562      0.329      0.442      0.110      0.733      0.543      0.274
     0.971      0.041      0.489      0.546      0.711      0.349      0.588      0.938      0.621      0.534
     0.973      0.521      0.943      0.710      0.417      0.780      0.793      0.992      0.793      0.660
     0.881      0.171      0.850      0.948      0.411      0.036      0.538      0.488      0.778      0.221
     0.178      0.286      0.253      0.493      0.083      0.346      0.958      0.506      0.595      0.284
     0.394      0.153      0.524      0.253      0.578      0.930      0.132      0.948      0.569      0.606
     0.561      0.695      0.497      0.999      0.518      0.407      0.810      0.054      0.731      0.306
     0.957      0.331      0.422      0.214      0.592      0.249      0.442      0.311      0.778      0.445
     0.973      0.481      0.700      0.439      0.116      0.118      0.104      0.221      0.424      0.937
     0.535      0.030      0.219      0.654      0.310      0.106      0.176      0.404      0.632      0.882
     0.718      0.589      0.242      0.912      0.004      0.168      0.233      0.197      0.905      0.224
     0.948      0.800      0.799      0.823      0.819      0.468      0.993      0.407      0.710      0.711
     0.105      0.634      0.937      0.757      0.577      0.307      0.476      0.156      0.998      0.178
     0.238      0.576      0.147      0.721      0.108      0.649      0.419      0.424      0.011      0.510
     0.930      0.860      0.387      0.148      0.290      0.134      0.269      0.672      0.661      0.961
     0.699      0.856      0.150      0.449      0.274      0.698      0.887      0.185      0.974      0.271
     0.286      0.301      0.442      0.849      0.167      0.520      0.222      0.460      0.746      0.901
     0.789      0.069      0.697      0.652      0.534      0.908      0.716      0.728      0.580      0.429
     0.534      0.617      0.104      0.510      0.131      0.588      0.532      0.055      0.216      0.281
     0.094      0.234      0.547      0.830      0.979      0.216      0.223      0.943      0.090      0.878
     0.288      0.124      0.724      0.764      0.989      0.374      0.782      0.409      0.451      0.695
     0.959      0.864      0.998      0.298      0.524      0.280      0.862      0.164      0.763      0.424
     0.785      0.465      0.760      0.146      0.558      0.621      0.101      0.180      0.969      0.826
     0.432      0.606      0.701      0.559      0.572      0.440      0.152      0.321      0.585      0.917
     0.661      0.700      0.758      0.598      0.246      0.290      0.825      0.858      0.095      0.215
     0.844      0.108      0.521      0.920      0.661      0.791      0.688      0.876      0.739      0.508
     0.916      0.168      0.396      0.837      0.389      0.860      0.596      0.050      0.283      0.493
     0.377      0.330      0.211      0.241      0.201      0.841      0.952      0.921      0.910      0.370
     0.857      0.652      0.696      0.697      0.056      0.379      0.563      0.698      0.858      0.088
     0.344      0.332      0.683      0.534      0.216      0.277      0.349      0.270      0.942      0.961
     0.096      0.704      0.234      0.943      0.803      0.120      0.884      0.214      0.704      0.956
     0.215      0.981      0.485      0.162      0.175      0.085      0.980      0.564      0.039      0.772
     0.113      0.509      0.642      0.527      0.089      0.490      0.708      0.601      0.968      0.317
     0.037      0.266      0.362      0.098      0.137      0.305      0.016      0.127      0.002      0.987
     0.792      0.720      0.407      0.870      0.983      0.658      0.502      0.246      0.275      0.840
     0.433      0.249      0.738      0.336      0.759      0.460      0.620      0.778      0.584      0.241
     0.642      0.219      0.473      0.323      0.797      0.843      0.480      0.802      0.199      0.215
     0.851      0.056      0.716      0.669      0.427      0.773      0.246      0.396      0.442      0.379
     0.170      0.780      0.547      0.862      0.406      0.832      0.629      0.448      0.364      0.396
     0.778      0.101      0.649      0.162      0.994      0.892      0.576      0.221      0.667      0.376
     0.278      0.322      0.906      0.064      0.688      0.261      0.709      0.727      0.918      0.026
     0.472      0.949      0.519      0.641      0.732      0.065      0.431      0.632      0.811      0.969
     0.495      0.474      0.681      0.415      0.933      0.075      0.550      0.620      0.170      0.999
     0.144      0.324      0.409      0.565      0.891      0.229      0.637      0.117      0.304      0.491
     0.578      0.971      0.801      0.121      0.481      0.741      0.914      0.385      0.292      0.113
     0.879      0.996      0.729      0.844      0.417      0.862      0.809      0.515      0.505      0.768
     0.742      0.252      0.820      0.634      0.727      0.991      0.173      0.267      0.709      0.428
     0.032      0.906      0.791      0.682      0.473      0.209      0.917      0.712      0.610      0.819
     0.790      0.977      0.737      0.861      0.242      0.470      0.307      0.209      0.591      0.187
     0.909      0.157      0.747      0.380      0.072      0.127      0.667      0.162      0.934      0.383
     0.636      0.010      0.469      0.943      0.611      0.758      0.287      0.019      0.109      0.806
     0.580      0.698      0.228      0.232      0.096      0.621      0.118      0.660      0.430      0.817
     0.689      0.017      0.398      0.441      0.184      0.165      0.910      0.693      0.880      0.861
     0.691      0.868      0.046      0.492      0.408      0.297      0.287      0.774      0.264      0.780
     0.307      0.936      0.017      0.084      0.651      0.806      0.758      0.651      0.241      0.754
     0.332      0.830      0.637      0.359      0.354      0.190      0.821      0.751      0.098      0.210
     0.652      0.712      0.542      0.560      0.116      0.794      0.217      0.366      0.410      0.188
     0.890      0.589      0.666      0.303      0.388      0.583      0.500      0.144      0.706      0.628
     0.783      0.549      0.592      0.356      0.156      0.607      0.039      0.305      0.129      0.225
     0.181      0.200      0.085      0.658      0.912      0.853      0.640      0.672      0.290      0.064
     0.576      0.021      0.078      0.618      0.964      0.399      0.654      0.419      0.885      0.383
     0.903      0.076      0.838      0.054      0.379      0.356      0.233      0.849      0.553      0.081
     0.349      0.233      0.901      0.191      0.545      0.150      0.610      0.496      0.823      0.579
     0.314      0.141      0.238      0.225      0.989      0.103      0.486      0.566      0.696      0.700
     0.090      0.510      0.211      0.395      0.714      0.072      0.366      0.987      0.868      0.934
     0.705      0.460      0.915      0.705      0.033      0.537      0.960      0.622      0.925      0.572
     0.069      0.163      0.190      0.149      0.383      0.977      0.378      0.179      0.613      0.550
     0.108      0.823      0.489      0.753      0.935      0.447      0.501      0.360      0.870      0.873
     0.964      0.775      0.363      0.451      0.236      0.581      0.103      0.902      0.616      0.434
     0.629      0.726      0.270      0.984      0.362      0.049      0.355      0.427      0.103      0.263
     0.986      0.810      0.975      0.214      0.568      0.122      0.884      0.421      0.713      0.439
     0.875      0.104      0.168      0.340      0.265      0.970      0.856      0.154      0.315      0.300
     0.984      0.603      0.290      0.674      0.932      0.670      0.390      0.908      0.630      0.938
     0.284      0.257      0.055      0.025      0.097      0.064      0.209      0.438      0.432      0.171
     0.630      0.747      0.596      0.422      0.188      0.975      0.819      0.104      0.057      0.050
     0.758      0.579      0.251      0.272      0.535      0.271      0.015      0.634      0.429      0.342
     0.914      0.620      0.553      0.247      0.475      0.519      0.245      0.485      0.297      0.071
     0.613      0.339      0.045      0.805      0.571      0.101      0.652      0.040      0.049      0.056
     0.023      0.155      0.462      0.746      0.000      0.762      0.527      0.477      0.568      0.846
     0.970      0.914      0.332      0.868      0.239      0.988      0.455      0.188      0.113      0.995
     0.202      0.216      0.828      0.113      0.534      0.012      0.984      0.384      0.349      0.590
     0.216      0.388      0.431      0.623      0.749      0.059      0.891      0.514      0.711      0.212
     0.696      0.084      0.225      0.024      0.502      0.019      0.346      0.768      0.236      0.455
     0.990      0.736      0.299      0.581      0.666      0.484      0.577      0.704      0.447      0.390
     0.415      0.966      0.791      0.467      0.822      0.894      0.177      0.827      0.388      0.217
     0.210      0.897      0.290      0.733      0.431      0.949      0.829      0.973      0.986      0.661
     0.539      0.825      0.343      0.297      0.047      0.105      0.257      0.709      0.416      0.227
     0.364      0.061      0.343      0.785      0.591      0.161      0.916      0.929      0.662      0.294
     0.602      0.539      0.623      0.295      0.837      0.070      0.079      0.121      0.479      0.036
     0.009      0.644      0.834      0.736      0.266      0.598      0.572      0.441      0.462      0.666
     0.889      0.925      0.753      0.212      0.841      0.786      0.440      0.319      0.223      0.768
     0.192      0.523      0.514      0.677      0.145      0.505      0.469      0.387      0.124      0.670
     0.194      0.024      0.863      0.156      0.610      0.221      0.562      0.454      0.308      0.893
     0.198      0.703      0.832      0.511      0.969      0.159      0.669      0.013      0.920      0.013
     0.311      0.695      0.232      0.286      0.182      0.446      0.048      0.203      0.646      0.290
     0.253      0.711      0.067      0.314      0.497      0.898      0.162      0.128      0.208      0.740
     0.387      0.150      0.326      0.276      0.149      0.249      0.073      0.821      0.840      0.851
     0.942      0.868      0.140      0.825      0.444      0.923      0.037      0.547      0.912      0.130
     0.152      0.039      0.881      0.390      0.222      0.684      0.264      0.834      0.000      0.614
     0.170      0.990      0.002      0.533      0.511      0.806      0.345      0.523      0.426      0.010
     0.511      0.728      0.135      0.383      0.069      0.383      0.755      0.100      0.735      0.657
     0.106      0.018      0.582      0.308      0.857      0.506      0.952      0.253      0.802      0.271
     0.685      0.300      0.500      0.960      0.053      0.546      0.676      0.994      0.938      0.152
     0.133      0.083      0.566      0.282      0.812      0.499      0.314      0.048      0.560      0.898
     0.030      0.632      0.162      0.553      0.925      0.283      0.850      0.536      0.091      0.742
     0.075      0.667      0.830      0.997      0.206      0.834      0.449      0.196      0.686      0.644
     0.326      0.400      0.672      0.127      0.125      0.435      0.159      0.120      0.355      0.402
     0.733      0.585      0.899      0.887      0.611      0.822      0.941      0.081      0.609      0.475
     0.793      0.210      0.621      0.538      0.970      0.379      0.325      0.688      0.751      0.802
     0.026      0.049      0.102      0.233      0.065      0.315      0.659      0.298      0.459      0.585
     0.290      0.908      0.481      0.400      0.765      0.502      0.622      0.556      0.270      0.701
     0.854      0.052      0.537      0.855      0.956      0.487      0.679      0.176      0.116      0.800
     0.584      0.550      0.978      0.066      0.616      0.085      0.987      1.000      0.287      0.579
     0.086      0.839      0.670      0.388      0.083      0.767      0.338      0.704      0.782      0.335
     0.115      0.794      0.805      0.222      0.947      0.497      0.001      0.587      0.816      0.656
     0.393      0.461      0.910      0.230      0.530      0.127      0.517      0.758      0.003      0.639
     0.922      0.892      0.781      0.762      0.795      0.170      0.240      0.410      0.653      0.154
     0.302      0.645      0.439      0.650      0.792      0.143      0.101      0.313      0.810      0.353
     0.349      0.798      0.021      0.872      0.154      0.437      0.277      0.646      0.580      0.634
     0.255      0.189      0.417      0.467      0.833      0.337      0.879      0.172      0.807      0.605
     0.429      0.414      0.003      0.615      0.105      0.817      0.522      0.192      0.403      0.876
     0.126      0.098      0.157      0.157      0.928      0.884      0.679      0.137      0.544      0.777
     0.273      0.606      0.626      0.817      0.014      0.854      0.090      0.452      0.287      0.110
     0.445      0.615      0.171      0.606      0.421      0.882      0.569      0.394      0.114      0.001
     0.623      0.788      0.167      0.209      0.020      0.213      0.770      0.459      0.614      0.969
     0.595      0.309      0.814      0.413      0.781      0.778      0.807      0.521      0.775      0.140
     0.270      0.480      0.591      0.875      0.519      0.696      0.176      0.685      0.669      0.581
     0.226      0.517      0.037      0.369      0.777      0.719      0.496      0.889      0.862      0.761
     0.502      0.315      0.563      0.795      0.888      0.008      0.302      0.355      0.719      0.351
     0.840      0.338      0.233      0.404      0.319      0.283      0.465      0.345      0.784      0.766
     0.262      0.475      0.816      0.421      0.589      0.618      0.458      0.085      0.193      0.986
     0.743      0.984      0.959      0.179      0.562      0.517      0.871      0.496      0.421      0.956
     0.282      0.669      0.207      0.323      0.693      0.139      0.957      0.280      0.216      0.296
     0.419      0.956      0.632      0.584      0.444      0.768      0.770      0.023      0.067      0.681
     0.493      0.698      0.995      0.436      0.709      0.133      0.936      0.336      0.713      0.727
     0.622      0.624      0.868      0.930      0.941      0.980      0.155      0.821      0.530      0.625
     0.038      0.862      0.088      0.741      0.550      0.898      0.422      0.817      0.355      0.694
     0.341      0.986      0.645      0.797      0.112      0.457      0.081      0.806      0.949      0.031
     0.665      0.253      0.842      0.206      0.791      0.189      0.290      0.668      0.513      0.416
     0.404      0.336      0.691      0.695      0.972      0.591      0.587      0.647      0.235      0.843
     0.129      0.946      0.317      0.726      0.270      0.090      0.718      0.189      0.878      0.966
     0.565      0.243      0.756      0.650      0.184      0.353      0.150      0.219      0.829      0.949
     0.121      0.336      0.954      0.325      0.772      0.006      0.262      0.863      0.259      0.827
     0.040      0.786      0.580      0.371      0.655      0.382      0.172      0.183      0.049      0.495
     0.669      0.657      0.481      0.602      0.211      0.263      0.211      0.749      0.744      0.806
     0.752      0.854      0.518      0.197      0.039      0.556      0.360      0.946      0.681      0.815
     0.701      0.186      0.909      0.481      0.070      0.187      0.067      0.284      0.229      0.150
     0.517      0.006      0.491      0.921      0.638      0.682      0.693      0.559      0.772      0.411
     0.821      0.278      0.823      0.399      0.458      0.394      0.390      0.816      0.925      0.817
     0.122      0.804      0.419      0.375      0.651      0.541      0.507      0.787      0.533      0.135
     0.295      0.616      0.249      0.802      0.606      0.238      0.059      0.989      0.319      0.144
     0.153      0.340      0.465      0.523      0.847      0.034      0.796      0.887      0.924      0.595
     0.134      0.229      0.132      0.386      0.950      0.779      0.760      0.900      0.165      0.477
     0.718      0.725      0.809      0.427      0.003      0.299      0.023      0.102      0.451      0.835
     0.453      0.627      0.838      0.604      0.158      0.775      0.487      0.474      0.369      0.939
     0.380      0.516      0.117      0.241      0.840      0.529      0.750      0.406      0.994      0.277
     0.450      0.574      0.963      0.804      0.715      0.929      0.955      0.985      0.571      0.995
     0.946      0.405      0.095      0.223      0.923      0.913      0.635      0.872      0.506      0.005
     0.206      0.348      0.730      0.859      0.236      0.977      0.473      0.716      0.980      0.536
     0.510      0.666      0.077      0.664      0.280      0.098      0.358      0.611      0.961      0.958
     0.259      0.039      0.049      0.826      0.895      0.515      0.477      0.562      0.931      0.837
     0.665      0.980      0.630      0.407      0.512      0.934      0.977      0.456      0.958      0.941
     0.662      0.694      0.853      0.037      0.308      0.316      0.322      0.684      0.894      0.645
     0.756      0.289      0.273      0.923      0.755      0.641      0.068      0.968      0.476      0.020
     0.803      0.117      0.418      0.757      0.164      0.365      0.787      0.003      0.214      0.688
     0.148      0.429      0.879      0.411      0.269      0.334      0.114      0.896      0.475      0.357
     0.944      0.859      0.643      0.828      0.942      0.434      0.786      0.870      0.239      0.737
     0.391      0.806      0.075      0.530      0.240      0.776      0.939      0.845      0.927      0.154
     0.847      0.077      0.902      0.935      0.565      0.124      0.410      0.008      0.044      0.755
     0.356      0.867      0.062      0.361      0.859      0.603      0.894      0.503      0.736      0.725
     0.322      0.399      0.102      0.236      0.395      0.381      0.822      0.652      0.182      0.529
     0.643      0.457      0.624      0.618      0.170      0.074      0.603      0.498      0.196      0.151
     0.737      0.261      0.424      0.320      0.297      0.374      0.350      0.610      0.818      0.902
     0.676      0.614      0.285      0.141      0.705      0.676      0.073      0.348      0.183      0.691
     0.440      0.328      0.940      0.961      0.521      0.695      0.875      0.111      0.799      0.883
     0.845      0.043      0.315      0.289      0.363      0.097      0.337      0.925      0.538      0.365
     0.262      0.398      0.634      0.623      0.684      0.583      0.651      0.216      0.934      0.018
     0.002      0.596      0.819      0.462      0.358      0.552      0.204      0.859      0.416      0.632
     0.119      0.983      0.055      0.606      0.809      0.225      0.369      0.437      0.673      0.516
     0.872      0.361      0.379      0.684      0.119      0.296      0.605      0.690      0.345      0.737
     0.346      0.940      0.091      0.285      0.567      0.340      0.607      0.078      0.351      0.603
     0.768      0.498      0.167      0.368      0.118      0.173      0.140      0.130      0.158      0.756
     0.279      0.180      0.258      0.124      0.452      0.300      0.602      0.996      0.267      0.255
     0.470      0.115      0.846      0.103      0.886      0.851      0.367      0.218      0.545      0.920
     0.843      0.714      0.495      0.456      0.380      0.531      0.271      0.353      0.343      0.864
     0.941      0.894      0.602      0.206      0.261      0.733      0.108      0.900      0.851      0.105
     0.645      0.471      0.329      0.091      0.210      0.560      0.225      0.200      0.730      0.773
     0.437      0.196      0.542      0.902      0.927      0.639      0.560      0.011      0.274      0.823
     0.862      0.989      0.359      0.711      0.834      0.503      0.402      0.062      0.494      0.866
     0.849      0.167      0.010      0.489      0.378      0.689      0.417      0.620      0.908      0.192
     0.805      0.378      0.374      0.762      0.856      0.662      0.868      0.189      0.881      0.250
     0.080      0.387      0.450      0.702      0.499      0.918      0.946      0.939      0.323      0.795
     0.634      0.674      0.119      0.244      0.165      0.318      0.303      0.102      0.136      0.797
     0.914      0.711      0.668      0.179      0.769      0.796      0.574      0.602      0.890      0.789
     0.137      0.202      0.188      0.893      0.747      0.202      0.790      0.735      0.595      0.683
     0.228      0.128      0.072      0.237      0.132      0.220      0.189      0.386      0.063      0.128
     0.474      0.437      0.287      0.940      0.938      0.246      0.685      0.584      0.697      0.981
     0.101      0.058      0.347      0.403      0.504      0.219      0.979      0.977      0.210      0.837
     0.051      0.587      0.449      0.204      0.837      0.617      0.380      0.997      0.526      0.821
     0.063      0.353      0.810      0.885      0.739      0.811      0.721      0.115      0.961      0.609
     0.251      0.130      0.970      0.039      0.516      0.251      0.767      0.758      0.306      0.782
     0.311      0.600      0.004      0.330      0.056      0.997      0.675      0.491      0.899      0.097
     0.367      0.964      0.288      0.452      0.810      0.389      0.065      0.711      0.307      0.228
     0.605      0.834      0.314      0.654      0.021      0.825      0.729      0.664      0.811      0.064
     0.758      0.416      0.558      0.947      0.804      0.372      0.532      0.375      0.576      0.678
     0.401      0.462      0.480      0.567      0.194      0.370      0.635      0.666      0.043      0.253
     0.927      0.364      0.415      0.552      0.341      0.939      0.106      0.084      0.419      0.778
     0.799      0.250      0.353      0.176      0.882      0.680      0.661      0.217      0.157      0.684
     0.244      0.955      0.677      0.667      0.988      0.905      0.842      0.194      0.334      0.931
     0.620      0.203      0.645      0.418      0.635      0.267      0.632      0.855      0.560      0.788
     0.573      0.599      0.128      0.025      0.324      0.092      0.723      0.374      0.804      0.598
     0.689      0.959      0.860      0.648      0.749      0.829      0.025      0.446      0.682      0.283
     0.723      0.660      0.389      0.592      0.665      0.214      0.618      0.367      0.469      0.489
     0.878      0.544      0.494      0.891      0.740      0.426      0.435      0.109      0.916      0.506
     0.340      0.916      0.178      0.675      0.862      0.325      0.079      0.432      0.318      0.066
     0.019      0.749      0.896      0.594      0.664      0.995      0.596      0.644      0.965      0.690
     0.794      0.298      0.338      0.137      0.301      0.797      0.728      0.104      0.508      0.359
     0.476      0.357      0.304      0.963      0.369      0.714      0.393      0.840      0.328      0.017
     0.272      0.573      0.771      0.463      0.467      0.375      0.196      0.506      0.247      0.974
     0.727      0.358      0.745      0.794      0.358      0.252      0.895      0.296      0.841      0.792
     0.919      0.763      0.421      0.754      0.442      0.862      0.585      0.962      0.745      0.085
     0.952      0.312      0.705      0.526      0.962      0.475      0.313      0.749      0.284      0.365
     0.329      0.973      0.993      0.008      0.494      0.094      0.565      0.748      0.781      0.322
     0.529      0.457      0.917      0.398      0.234      0.547      0.591      0.750      0.004      0.111
     0.841      0.966      0.486      0.667      0.735      0.234      0.467      0.443      0.791      0.152
     0.316      0.582      0.463      0.484      0.917      0.670      0.545      0.675      0.551      0.406
     0.816      0.527      0.852      0.826      0.908      0.277      0.491      0.995      0.403      0.628
     0.318      0.795      0.857      0.006      0.441      0.004      0.451      0.481      0.271      0.031
     0.244      0.750      0.531      0.589      0.532      0.295      0.757      0.621      0.816      0.776
     0.045      0.488      0.300      0.611      0.876      0.817      0.561      0.754      0.976      0.703
     0.152      0.873      0.795      0.373      0.903      0.485      0.397      0.576      0.842      0.291
     0.566      0.904      0.039      0.542      0.079      0.392      0.571      0.903      0.972      0.455
     0.839      0.646      0.676      0.109      0.614      0.247      0.407      0.398      0.074      0.399
     0.968      0.901      0.525      0.620      0.061      0.846      0.836      0.416      0.888      0.718
     0.425      0.877      0.866      0.557      0.204      0.324      0.611      0.001      0.824      0.308
     0.329      0.452      0.240      0.725      0.177      0.111      0.151      0.765      0.436      0.916
     0.929      0.762      0.897      0.498      0.345      0.858      0.440      0.278      0.635      0.759
     0.383      0.721      0.888      0.725      0.404      0.444      0.886      0.727      0.315      0.970
     0.682      0.133      0.685      0.396      0.035      0.359      0.544      0.696      0.198      0.465
     0.204      0.870      0.545      0.916      0.799      0.742      0.053      0.015      0.562      0.512
     0.157      0.371      0.700      0.909      0.878      0.716      0.615      0.351      0.432      0.213
     0.585      0.184      0.473      0.521      0.036      0.657      0.620      0.849      0.205      0.042
     0.975      0.968      0.600      0.366      0.254      0.890      0.146      0.158      0.146      0.382
     0.386      0.458      0.313      0.932      0.037      0.969      0.172      0.294      0.733      0.072
     0.209      0.530      0.833      0.880      0.557      0.476      0.185      0.988      0.186      0.363
     0.484      0.008      0.284      0.875      0.479      0.306      0.687      0.174      0.234      0.650
     0.643      0.466      0.559      0.348      0.016      0.185      0.068      0.340      0.894      0.570
     0.627      0.443      0.989      0.118      0.495      0.467      0.953      0.009      0.314      0.554
     0.932      0.958      0.125      0.195      0.027      0.609      0.663      0.363      0.883      0.489
     0.351      0.659      0.989      0.198      0.518      0.941      0.839      0.539      0.701      0.285
     0.157      0.032      0.550      0.317      0.032      0.280      0.547      0.501      0.679      0.582
     0.999      0.696      0.977      0.363      0.636      0.471      0.404      0.740      0.449      0.273
     0.355      0.802      0.111      0.768      0.542      0.702      0.046      0.580      0.563      0.880
     0.115      0.091      0.762      0.317      0.616      0.163      0.497      0.693      0.464      0.119
     0.992      0.284      0.400      0.099      0.775      0.264      0.508      0.615      0.341      0.036
     0.111      0.395      0.615      0.158      0.575      0.405      0.812      0.789      0.909      0.042
     0.371      0.330      0.788      0.366      0.456      0.269      0.043      0.111      0.510      0.232
     0.242      0.438      0.954      0.348      0.050      0.449      0.667      0.178      0.631      0.514
     0.471      0.672      0.234      0.657      0.717      0.718      0.631      0.606      0.636      0.757
     0.814      0.658      0.360      0.045      0.656      0.427      0.837      0.125      0.815      0.823
     0.477      0.179      0.317      0.164      0.741      0.925      0.695      0.869      0.303      0.674
     0.666      0.494      0.784      0.977      0.161      0.497      0.474      0.450      0.983      0.454
     0.949      0.749      0.192      0.513      0.193      0.699      0.681      0.259      0.221      0.378
     0.100      0.641      0.398      0.536      0.884      0.265      0.464      0.869      0.223      0.785
     0.374      0.272      0.272      0.663      0.625      0.202      0.689      0.334      0.854      0.086
     0.232      0.157      0.584      0.665      0.769      0.451      0.343      0.679      0.413      0.523
     0.515      0.927      0.115      0.361      0.423      0.347      0.054      0.756      0.396      0.416
     0.362      0.764      0.958      0.422      0.583      0.002      0.802      0.664      0.523      0.003
     0.402      0.679      0.011      0.772      0.701      0.577      0.503      0.576      0.540      0.852
     0.068      0.689      0.282      0.859      0.714      0.417      0.735      0.740      0.408      0.915
     0.976      0.187      0.885      0.607      0.009      0.886      0.874      0.065      0.405      0.585
     0.422      0.105      0.471      0.164      0.915      0.054      0.705      0.058      0.318      0.957
     0.388      0.021      0.496      0.173      0.446      0.872      0.004      0.161      0.144      0.341
     0.789      0.436      0.947      0.949      0.044      0.308      0.761      0.823      0.703      0.441
     0.147      0.445      0.191      0.610      0.360      0.514      0.944      0.458      0.840      0.945
     0.554      0.236      0.950      0.269      0.706      0.182      0.425      0.340      0.759      0.744
     0.439      0.941      0.503      0.620      0.174      0.341      0.830      0.257      0.827      0.567
     0.477      0.841      0.401      0.228      0.092      0.944      0.855      0.553      0.021      0.646
     0.462      0.916      0.070      0.898      0.719      0.113      0.242      0.261      0.227      0.676
     0.937      0.231      0.608      0.504      0.900      0.115      0.200      0.198      0.727      0.856
     0.668      0.456      0.358      0.522      0.227      0.159      0.840      0.681      0.893      0.519
     0.657      0.453      0.189      0.918      0.506      0.640      0.651      0.076      0.692      0.910
     0.413      0.454      0.333      0.250      0.281      0.239      0.092      0.753      0.529      0.257
     0.286      0.751      0.279      0.354      0.340      0.854      0.229      0.075      0.114      0.562
     0.501      0.318      0.261      0.482      0.060      0.561      0.467      0.818      0.082      0.925
     0.752      0.634      0.085      0.568      0.316      0.623      0.379      0.962      0.249      0.637
     0.066      0.964      0.934      0.712      0.678      0.952      0.748      0.918      0.930      0.370
     0.553      0.779      0.478      0.766      0.876      0.112      0.311      0.640      0.251      0.539
     0.780      0.041      0.121      0.258      0.329      0.550      0.003      0.578      0.644      0.779
     0.143      0.246      0.097      0.807      0.818      0.589      0.317      0.885      0.463      0.181
     0.842      0.738      0.928      0.583      0.041      0.346      0.129      0.956      0.441      0.965
     0.407      0.002      0.306      0.245      0.702      0.188      0.613      0.284      0.757      0.006
     0.874      0.590      0.216      0.058      0.294      0.399      0.519      0.368      0.794      0.611
     0.513      0.927      0.344      0.485      0.999      0.548      0.380      0.513      0.658      0.673
     0.869      0.542      0.447      0.045      0.996      0.052      0.316      0.624      0.935      0.145
     0.619      0.429      0.122      0.321      0.492      0.511      0.659      0.248      0.825      0.097
     0.127      0.055      0.114      0.883      0.917      0.643      0.971      0.326      0.102      0.164
     0.301      0.322      0.227      0.960      0.244      0.515      0.420      0.549      0.974      0.002
     0.917      0.731      0.698      0.543      0.807      0.777      0.235      0.993      0.678      0.622
     0.250      0.062      0.670      0.280      0.010      0.571      0.736      0.734      0.115      0.129
     0.542      0.509      0.530      0.936      0.486      0.092      0.385      0.233      0.298      0.977
     0.144      0.464      0.165      0.017      0.866      0.823      0.904      0.119      0.269      0.615
     0.028      0.376      0.668      0.266      0.290      0.962      0.817      0.529      0.528      0.654
     0.966      0.942      0.876      0.605      0.052      0.327      0.847      0.135      0.086      0.353
     0.836      0.285      0.654      0.738      0.618      0.821      0.999      0.532      0.926      0.599
     0.798      0.205      0.176      0.566      0.658      0.714      0.879      0.707      0.497      0.432
     0.923      0.428      0.177      0.474      0.657      0.193      0.410      0.827      0.629      0.581
     0.825      0.444      0.111      0.528      0.801      0.282      0.514      0.480      0.655      0.189
     0.468      0.228      0.966      0.495      0.046      0.393      0.494      0.033      0.262      0.937
     0.601      0.045      0.707      0.777      0.990      0.150      0.229      0.926      0.750      0.716
     0.320      0.821      0.527      0.914      0.313      0.144      0.888      0.689      0.568      0.157
     0.150      0.932      0.454      0.952      0.760      0.133      0.510      0.068      0.517      0.274
     0.213      0.757      0.564      0.153      0.959      0.915      0.872      0.957      0.525      0.543
     0.920      0.345      0.382      0.889      0.450      0.439      0.178      0.066      0.991      0.683
     0.221      0.217      0.522      0.151      0.850      0.427      0.978      0.527      0.507      0.012
     0.220      0.453      0.595      0.370      0.691      0.271      0.851      0.759      0.499      0.827
     0.692      0.158      0.926      0.505      0.722      0.744      0.728      0.950      0.157      0.963
     0.034      0.492      0.180      0.551      0.403      0.031      0.058      0.945      0.290      0.771
     0.456      0.182      0.732      0.747      0.883      0.358      0.939      0.514      0.051      0.101
     0.219      0.700      0.981      0.483      0.835      0.810      0.063      0.047      0.941      0.493
     0.580      0.915      0.710      0.056      0.104      0.982      0.576      0.936      0.011      0.739
     0.227      0.205      0.676      0.851      0.930      0.006      0.501      0.847      0.433      0.345
     0.089      0.843      0.209      0.469      0.420      0.230      0.741      0.628      0.558      0.548
     0.429      0.141      0.086      0.898      0.609      0.602      0.434      0.556      0.054      0.646
     0.821      0.278      0.511      0.976      0.091      0.926      0.084      0.290      0.322      0.756
     0.472      0.740      0.130      0.362      0.548      0.597      0.858      0.534      0.452      0.267
     0.810      0.315      0.375      0.746      0.250      0.958      0.251      0.292      0.847      0.397
     0.236      0.276      0.065      0.631      0.261      0.101      0.195      0.245      0.522      0.351
     0.777      0.549      0.214      0.781      0.940      0.025      0.697      0.209      0.699      0.461
     0.878      0.666      0.915      0.743      0.900      0.059      0.429      0.233      0.947      0.288
     0.379      0.642      0.653      0.185      0.855      0.836      0.091      0.912      0.471      0.663
     0.856      0.576      0.370      0.976      0.391      0.437      0.221      0.931      0.243      0.734
     0.896      0.620      0.772      0.105      0.102      0.609      0.255      0.126      0.620      0.887
     0.277      0.007      0.026      0.171      0.904      0.087      0.827      0.115      0.717      0.868
     0.012      0.832      0.689      0.736      0.976      0.828      0.282      0.879      0.614      0.642
     0.898      0.757      0.628      0.447      0.829      0.665      0.930      0.591      0.085      0.991
     0.438      0.706      0.007      0.284      0.874      0.795      0.645      0.982      0.534      0.593
     0.373      0.218      0.078      0.189      0.697      0.201      0.903      0.544      0.852      0.534
     0.034      0.992      0.026      0.733      0.226      0.538      0.903      0.252      0.738      0.750
     0.016      0.333      0.291      0.129      0.256      0.429      0.801      0.030      0.332      0.080
     0.551      0.835      0.648      0.632      0.643      0.121      0.237      0.196      0.975      0.205
     0.059      0.951      0.411      0.600      0.484      0.687      0.404      0.493      0.224      0.985
     0.508      0.190      0.015      0.668      0.536      0.704      0.374      0.371      0.273      0.387
     0.572      0.297      0.288      0.251      0.728      0.388      0.262      0.595      0.366      0.535
     0.055      0.495      0.096      0.575      0.025      0.023      0.902      0.529      0.618      0.588
     0.938      0.440      0.309      0.657      0.039      0.242      0.984      0.175      0.266      0.727
     0.395      0.271      0.912      0.232      0.898      0.648      0.668      0.808      0.473      0.340
     0.280      0.827      0.575      0.023      0.479      0.048      0.416      0.631      0.293      0.077
     0.019      0.307      0.551      0.662      0.141      0.916      0.452      0.678      0.947      0.630
     0.202      0.968      0.740      0.905      0.892      0.693      0.288      0.228      0.207      0.025
     0.982      0.366      0.613      0.971      0.040      0.148      0.235      0.871      0.638      0.709
     0.524      0.553      0.590      0.583      0.158      0.419      0.814      0.554      0.358      0.161
     0.626      0.629      0.597      0.773      0.042      0.972      0.567      0.094      0.330      0.614
     0.536      0.685      0.835      0.193      0.012      0.047      0.038      0.599      0.435      0.133
     0.815      0.239      0.828      0.816      0.068      0.105      0.338      0.057      0.993      0.855
     0.063      0.239      0.467      0.447      0.488      0.586      0.252      0.777      0.799      0.981
     0.809      0.120      0.617      0.155      0.874      0.290      0.821      0.037      0.952      0.016
     0.412      0.979      0.117      0.996      0.170      0.741      0.882      0.649      0.468      0.816
     0.545      0.912      0.726      0.069      0.458      0.511      0.948      0.100      0.058      0.908
     0.025      0.184      0.743      0.673      0.216      0.723      0.930      0.174      0.857      0.131
     0.773      0.723      0.506      0.464      0.197      0.462      0.246      0.542      0.757      0.340
     0.855      0.780      0.045      0.735      0.455      0.210      0.445      0.657      0.393      0.305
     0.526      0.377      0.807      0.475      0.139      0.792      0.329      0.654      0.597      0.268
     0.409      0.198      0.673      0.955      0.467      0.732      0.411      0.686      0.279      0.286
     0.385      0.394      0.779      0.107      0.996      0.615      0.654      0.575      0.454      0.698
     0.375      0.357      0.561      0.228      0.743      0.762      0.361      0.073      0.786      0.254
     0.345      0.096      0.572      0.144      0.788      0.284      0.477      0.093      0.618      0.600
     0.640      0.536      0.340      0.537      0.958      0.969      0.597      0.436      0.395      0.134
     0.891      0.320      0.323      0.291      0.543      0.783      0.554      0.884      0.488      0.146
     0.196      0.693      0.810      0.519      0.499      0.688      0.969      0.142      0.566      0.457
     0.160      0.381      0.124      0.018      0.355      0.638      0.696      0.438      0.010      0.495
     0.928      0.612      0.106      0.018      0.064      0.074      0.406      0.282      0.029      0.967
     0.409      0.707      0.836      0.909      0.463      0.931      0.423      0.852      0.937      0.362
     0.495      0.663      0.063      0.493      0.264      0.513      0.584      0.296      0.566      0.167
     0.586      0.560      0.130      0.890      0.869      0.949      0.363      0.248      0.166      0.907
     0.307      0.249      0.458      0.354      0.299      0.864      0.005      0.796      0.442      0.829
     0.624      0.155      0.294      0.611      0.136      0.353      0.171      0.018      0.431      0.747
     0.770      0.851      0.506      0.896      0.595      0.849      0.677      0.545      0.880      0.426
     0.002      0.222      0.884      0.955      0.181      0.199      0.684      0.424      0.890      0.474
     0.711      0.810      0.750      0.395      0.460      0.018      0.897      0.073      0.201      0.374
     0.233      0.435      0.545      0.085      0.118      0.553      0.031      0.730      0.139      0.391
     0.166      0.267      0.210      0.684      0.693      0.871      0.637      0.431      0.836      0.269
     0.155      0.685      0.349      0.724      0.580      0.645      0.690      0.179      0.305      0.763
     0.739      0.244      0.366      0.900      0.696      0.009      0.670      0.895      0.951      0.026
     0.615      0.684      0.074      0.333      0.283      0.527      0.870      0.830      0.495      0.643
     0.006      0.362      0.427      0.696      0.863      0.882      0.823      0.481      0.089      0.960
     0.228      0.917      0.524      0.997      0.572      0.094      0.408      0.161      0.501      0.124
     0.574      0.807      0.636      0.388      0.194      0.194      0.412      0.881      0.397      0.571
     0.269      0.887      0.360      0.811      0.827      0.088      0.719      0.940      0.689      0.231
     0.671      0.485      0.929      0.115      0.747      0.920      0.761      0.825      0.167      0.688
     0.442      0.382      0.724      0.044      0.549      0.326      0.266      0.518      0.803      0.160
     0.174      0.268      0.001      0.821      0.719      0.389      0.579      0.767      0.376      0.070
     0.576      0.367      0.639      0.581      0.783      0.480      0.470      0.609      0.420      0.588
     0.589      0.727      0.284      0.027      0.896      0.756      0.840      0.090      0.186      0.473
     0.678      0.938      0.112      0.239      0.545      0.890      0.098      0.155      0.137      0.544
     0.304      0.644      0.381      0.141      0.429      0.656      0.436      0.141      0.467      0.862
     0.163      0.659      0.244      0.717      0.211      0.026      0.674      0.007      0.097      0.315
     0.040      0.246      0.949      0.497      0.322      0.994      0.121      0.505      0.025      0.905
     0.188      0.563      0.391      0.331      0.671      0.618      0.605      0.044      0.155      0.372
     0.488      0.931      0.013      0.906      0.951      0.985      0.202      0.418      0.891      0.697
     0.109      0.922      0.605      0.848      0.385      0.014      0.899      0.380      0.456      0.362
     0.775      0.034      0.751      0.502      0.943      0.737      0.773      0.737      0.769      0.911
     0.668      0.044      0.366      0.360      0.070      0.988      0.026      0.082      0.338      0.437
     0.372      0.838      0.551      0.280      0.673      0.322      0.843      0.595      0.027      0.503
     0.123      0.016      0.813      0.013      0.871      0.313      0.536      0.618      0.910      0.425
     0.907      0.295      0.341      0.408      0.731      0.805      0.683      0.096      0.765      0.179
     0.271      0.365      0.777      0.353      0.019      0.116      0.237      0.406      0.592      0.950
     0.236      0.472      0.263      0.351      0.584      0.508      0.688      0.005      0.032      0.331
     0.979      0.111      0.766      0.101      0.334      0.492      0.231      0.968      0.970      0.711
     0.426      0.335      0.069      0.680      0.856      0.672      0.166      0.301      0.643      0.765
     0.504      0.856      0.159      0.742      0.197      0.396      0.280      0.040      0.739      0.779
     0.061      0.595      0.262      0.571      0.560      0.223      0.826      0.492      0.129      0.998
     0.146      0.680      0.310      0.901      0.597      0.857      0.377      0.032      0.788      0.023
     0.693      0.571      0.783      0.819      0.872      0.061      0.591      0.544      0.479      0.374
     0.389      0.529      0.064      0.413      0.729      0.166      0.260      0.817      0.860      0.659
     0.291      0.975      0.040      0.901      0.277      0.987      0.865      0.560      0.232      0.651
     0.416      0.107      1.000      0.282      0.982      0.424      0.846      0.289      0.699      0.183
     0.886      0.281      0.371      0.117      0.147      0.081      0.319      0.516      0.055      0.380
     0.253      0.372      0.220      0.821      0.958      0.630      0.088      0.796      0.749      0.575
     0.558      0.369      0.807      0.417      0.200      0.146      0.417      0.780      0.589      0.653
     0.650      0.546      0.877      0.255      0.433      0.482      0.039      0.303      0.990      0.144
     0.479      0.236      0.204      0.062      0.767      0.628      0.888      0.449      0.963      0.694
     0.925      0.354      0.474      0.729      0.634      0.608      0.135      0.182      0.493      0.327
     0.724      0.075      0.048      0.087      0.779      0.659      0.392      0.286      0.884      0.305
     0.931      0.045      0.868      0.014      0.910      0.678      0.208      0.720      0.813      0.043
     0.294      0.961      0.690      0.932      0.515      0.722      0.623      0.844      0.873      0.419
     0.958      0.679      0.840      0.786      0.058      0.814      0.976      0.502      0.849      0.436
     0.874      0.777      0.200      0.840      0.787      0.451      0.491      0.210      0.070      0.016
     0.342      0.630      0.454      0.707      0.554      0.786      0.877      0.274      0.987      0.389
     0.831      0.146      0.697      0.308      0.367      0.800      0.071      0.484      0.748      0.485
     0.431      0.892      0.107      0.032      0.370      0.384      0.310      0.981      0.277      0.223
     0.109      0.756      0.593      0.121      0.947      0.301      0.137      0.593      0.178      0.840
     0.953      0.559      0.744      0.064      0.274      0.216      0.726      0.364      0.833      0.596
     0.486      0.900      0.858      0.526      0.425      0.120      0.552      0.086      0.603      0.556
     0.596      0.409      0.926      0.640      0.364      0.552      0.946      0.009      0.670      0.479
     0.441      0.005      0.477      0.445      0.144      0.293      0.208      0.456      0.809      0.480
     0.832      0.343      0.143      0.911      0.163      0.927      0.243      0.331      0.392      0.439
     0.828      0.027      0.239      0.617      0.496      0.983      0.186      0.359      0.906      0.563
     0.176      0.110      0.529      0.599      0.015      0.879      0.084      0.922      0.762      0.975
     0.545      0.551      0.803      0.671      0.816      0.246      0.383      0.042      0.760      0.935
     0.183      0.765      0.875      0.382      0.921      0.029      0.641      0.531      0.012      0.674
     0.536      0.255      0.773      0.426      0.825      0.999      0.444      0.775      0.486      0.116
     0.180      0.722      0.328      0.337      0.347      0.876      0.602      0.187      0.470      0.276
     0.077      0.518      0.357      0.691      0.557      0.837      0.998      0.810      0.634      0.359
     0.673      0.230      0.276      0.836      0.902      0.634      0.515      0.444      0.061      0.891
     0.577      0.241      0.934      0.906      0.845      0.753      0.075      0.265      0.389      0.037
     0.224      0.125      0.567      0.854      0.776      0.099      0.797      0.119      0.260      0.331
     0.487      0.166      0.238      0.235      0.272      0.428      0.041      0.790      0.838      0.800
     0.740      0.520      0.196      0.981      0.087      0.584      0.446      0.084      0.247      0.764
     0.189      0.553      0.710      0.808      0.763      0.812      0.239      0.349      0.556      0.087
     0.960      0.875      0.328      0.820      0.168      0.223      0.890      0.468      0.753      0.437
     0.225      0.734      0.236      0.009      0.024      0.424      0.344      0.098      0.459      0.133
     0.599      0.671      0.883      0.878      0.291      0.719      0.384      0.602      0.473      0.260
     0.627      0.405      0.208      0.103      0.590      0.807      0.498      0.132      0.656      0.052
     0.325      0.774      0.967      0.200      0.448      0.787      0.933      0.694      0.718      0.511
     0.298      0.444      0.931      0.539      0.884      0.410      0.815      0.699      0.022      0.056
     0.239      0.143      0.744      0.903      0.934      0.680      0.398      0.212      0.573      0.900
     0.492      0.077      0.126      0.659      0.462      0.032      0.194      0.262      0.203      0.731
     0.058      0.814      0.843      0.600      0.814      0.628      0.130      0.399      0.178      0.255
     0.756      0.931      0.678      0.220      0.561      0.421      0.457      0.689      0.577      0.560
     0.888      0.610      0.150      0.226      0.412      0.173      0.804      0.293      0.152      0.440
     0.186      0.827      0.237      0.345      0.160      0.524      0.365      0.322      0.981      0.871
     0.164      0.531      0.882      0.182      0.698      0.606      0.657      0.627      0.749      0.450
     0.614      0.638      0.306      0.180      0.964      0.219      0.968      0.618      0.979      0.576
     0.631      0.584      0.431      0.090      0.976      0.480      0.555      0.927      0.676      0.516
     0.608      0.898      0.941      0.274      0.074      0.767      0.893      0.020      0.065      0.719
     0.504      0.096      0.475      0.572      0.259      0.170      0.833      0.263      0.822      0.586
     0.424      0.593      0.073      0.076      0.054      0.499      0.768      0.944      0.945      0.075
     0.261      0.595      0.223      0.381      0.502      0.303      0.751      0.658      0.992      0.759
     0.481      0.001      0.053      0.050      0.326      0.784      0.113      0.024      0.875      0.895
     0.612      0.152      0.201      0.716      0.022      0.056      0.849      0.343      0.995      0.858
     0.715      0.374      0.695      0.189      0.331      0.404      0.523      0.714      0.437      0.390
     0.022      0.506      0.493      0.301      0.342      0.840      0.297      0.684      0.176      0.319
     0.788      0.238      0.166      0.971      0.280      0.148      0.781      0.510      0.897      0.919
     0.516      0.086      0.786      0.809      0.351      0.600      0.802      0.964      0.758      0.769
     0.459      0.214      0.736      0.053      0.271      0.735      0.082      0.928      0.385      0.387
     0.049      0.102      0.555      0.344      0.649      0.206      0.861      0.378      0.212      0.905
     0.737      0.080      0.225      0.478      0.110      0.779      0.394      0.064      0.806      0.748
     0.605      0.563      0.245      0.344      0.501      0.275      0.835      0.586      0.691      0.034
     0.276      0.467      0.176      0.627      0.208      0.017      0.202      0.057      0.447      0.420
     0.938      0.578      0.186      0.112      0.743      0.908      0.210      0.835      0.673      0.945
     0.837      0.093      0.059      0.842      0.299      0.044      0.002      0.656      0.138      0.447
     0.028      0.023      0.554      0.792      0.403      0.335      0.921      0.932      0.239      0.542
     0.936      0.934      0.440      0.645      0.229      0.188      0.634      0.214      0.340      0.109
     0.201      0.869      0.985      0.887      0.645      0.343      0.075      0.335      0.415      0.877
     0.891      0.962      0.737      0.207      0.689      0.674      0.206      0.079      0.284      0.207
     0.765      0.317      0.509      0.671      0.688      0.946      0.227      0.893      0.607      0.262
     0.086      0.653      0.170      0.230      0.603      0.320      0.019      0.244      0.639      0.423
     0.583      0.677      0.741      0.728      0.191      0.095      0.273      0.613      0.327      0.976
     0.764      0.948      0.009      0.533      0.490      0.835      0.912      0.464      0.068      0.386
     0.303      0.342      0.804      0.928      0.627      0.143      0.087      0.124      0.526      0.832
     0.962      0.023      0.020      0.719      0.217      0.067      0.648      0.395      0.368      0.747
     0.639      0.745      0.267      0.946      0.439      0.354      0.512      0.218      0.769      0.567
     0.220      0.148      0.029      0.715      0.251      0.874      0.062      0.721      0.320      0.517
     0.735      0.062      0.354      0.576      0.416      0.021      0.626      0.405      0.352      0.810
     0.865      0.375      0.435      0.846      0.134      0.871      0.295      0.860      0.034      0.606
     0.599      0.567      0.332      0.508      0.678      0.208      0.223      0.809      0.377      0.831
     0.786      0.807      0.656      0.125      0.100      0.895      0.268      0.781      0.310      0.845
     0.988      0.191      0.226      0.191      0.978      0.516      0.819      0.916      0.172      0.185
     0.521      0.889      0.891      0.985      0.668      0.783      0.941      0.910      0.896      0.159
     0.953      0.681      0.394      0.655      0.622      0.566      0.625      0.954      0.030      0.265
     0.581      0.745      0.822      0.071      0.255      0.537      0.459      0.000      0.672      0.008
     0.593      0.934      0.854      0.028      0.968      0.334      0.705      0.027      0.192      0.547
     0.824      0.866      0.437      0.974      0.220      0.069      0.149      0.887      0.213      0.483
     0.988      0.064      0.089      0.397      0.085      0.155      0.201      0.730      0.377      0.062
     0.458      0.014      0.871      0.034      0.163      0.234      0.244      0.791      0.524      0.573
     0.060      0.291      0.512      0.925      0.605      0.581      0.108      0.172      0.851      0.430
     0.484      0.394      0.601      0.509      0.089      0.666      0.535      0.702      0.151      0.601
     0.037      0.360      0.381      0.578      0.619      0.109      0.137      0.800      0.574      0.120
     0.464      0.650      0.041      0.838      0.824      0.587      0.703      0.207      0.347      0.337
     0.645      0.082      0.068      0.365      0.496      0.367      0.283      0.140      0.188      0.538
     0.449      0.758      0.879      0.631      0.087      0.818      0.299      0.846      0.343      0.799
     0.682      0.163      0.775      0.173      0.793      0.178      0.918      0.239      0.829      0.786
     0.687      0.144      0.734      0.005      0.923      0.723      0.661      0.771      0.954      0.521
     0.771      0.919      0.035      0.394      0.628      0.397      0.546      0.836      0.380      0.810
     0.852      0.717      0.428      0.793      0.063      0.689      0.748      0.316      0.665      0.928
     0.905      0.303      0.241      0.093      0.107      0.933      0.437      0.260      0.601      0.857
     0.965      0.412      0.870      0.299      0.724      0.519      0.600      0.904      0.026      0.662
     0.400      0.825      0.249      0.969      0.825      0.942      0.662      0.251      0.281      0.603
     0.007      0.226      0.093      0.549      0.436      0.137      0.485      0.400      0.034      0.332
     0.406      0.498      0.156      0.924      0.953      0.674      0.436      0.495      0.455      0.954
     0.834      0.817      0.120      0.311      0.186      0.496      0.025      0.721      0.720      0.079
     0.866      0.928      0.722      0.415      0.101      0.658      0.145      0.572      0.654      0.355
     0.113      0.012      0.935      0.262      0.654      0.789      0.702      0.350      0.381      0.240
     0.242      0.174      0.258      0.453      0.912      0.288      0.928      0.540      0.874      0.344
     0.704      0.164      0.152      0.182      0.667      0.704      0.549      0.308      0.496      0.259
     0.139      0.147      0.412      0.586      0.705      0.011      0.595      0.301      0.378      0.467
     0.959      0.303      0.541      0.001      0.245      0.255      0.153      0.976      0.090      0.931
     0.207      0.623      0.946      0.713      0.630      0.232      0.692      0.256      0.626      0.484
     0.735      0.365      0.660      0.520      0.082      0.210      0.289      0.905      0.347      0.177
     0.684      0.359      0.953      0.972      0.054      0.814      0.806      0.013      0.356      0.472
     0.449      0.198      0.894      0.369      0.607      0.844      0.349      0.466      0.564      0.369
     0.994      0.985      0.571      0.392      0.214      0.541      0.666      0.642      0.160      0.589
     0.872      0.177      0.246      0.700      0.540      0.580      0.881      0.421      0.278      0.558
     0.174      0.490      0.702      0.499      0.852      0.957      0.731      0.762      0.642      0.257
     0.407      0.540      0.380      0.409      0.909      0.831      0.373      0.230      0.142      0.392
     0.217      0.566      0.143      0.559      0.522      0.809      0.033      0.953      0.232      0.047
     0.240      0.945      0.964      0.060      0.331      0.320      0.559      0.314      0.069      0.294
     0.990      0.480      0.005      0.432      0.811      0.264      0.963      0.472      0.047      0.791
     0.497      0.853      0.170      0.424      0.185      0.068      0.540      0.573      0.835      0.286
     0.659      0.421      0.978      0.311      0.098      0.229      0.543      0.970      0.667      0.850
     0.802      0.872      0.528      0.084      0.386      0.568      0.877      0.433      0.678      0.812
     0.597      0.527      0.928      0.628      0.135      0.856      0.525      0.319      0.151      0.015
     0.969      0.843      0.566      0.196      0.128      0.348      0.182      0.159      0.460      0.297
     0.490      0.037      0.401      0.169      0.636      0.237      0.643      0.395      0.344      0.444
     0.098      0.836      0.713      0.874      0.293      0.294      0.533      0.629      0.914      0.117
     0.895      0.280      0.911      0.101      0.209      0.330      0.006      0.409      0.272      0.033
     0.278      0.832      0.432      0.326      0.306      0.929      0.133      0.769      0.187      0.298
     0.338      0.777      0.718      0.886      0.419      0.273      0.889      0.797      0.542      0.744
     0.711      0.787      0.185      0.609      0.287      0.364      0.920      0.148      0.627      0.706
     0.818      0.258      0.266      0.843      0.761      0.361      0.335      0.850      0.245      0.862
     0.750      0.584      0.385      0.963      0.552      0.570      0.601      0.815      0.144      0.528
     0.334      0.135      0.319      0.783      0.785      0.613      0.183      0.958      0.923      0.996
     0.013      0.671      0.920      0.596      0.029      0.338      0.990      0.186      0.286      0.820
     0.141      0.793      0.580      0.056      0.383      0.401      0.777      0.590      0.490      0.083
     0.104      0.738      0.980      0.692      0.674      0.015      0.167      0.642      0.036      0.303
     0.587      0.476      0.393      0.814      0.093      0.507      0.956      0.078      0.714      0.194
     0.800      0.370      0.230      0.580      0.325      0.878      0.053      0.707      0.973      0.499
     0.499      0.327      0.973      0.043      0.492      1.000      0.872      0.800      0.867      0.552
     0.092      0.056      0.573      0.864      0.346      0.771      0.231      0.392      0.245      0.971
     0.336      0.636      0.537      0.428      0.741      0.730      0.204      0.908      0.733      0.543
     0.720      0.947      0.446      0.776      0.953      0.071      0.537      0.254      0.658      0.002
     0.353      0.908      0.921      0.278      0.940      0.394      0.249      0.393      0.863      0.910
     0.506      0.231      0.255      0.927      0.398      0.028      0.859      0.866      0.515      0.356
     0.693      0.422      0.352      0.717      0.905      0.250      0.142      0.581      0.463      0.063
     0.532      0.571      0.585      0.124      0.139      0.211      0.275      0.763      0.119      0.155
     0.547      0.688      0.946      0.994      0.626      0.909      0.645      0.166      0.220      0.792
     0.743      0.324      0.509      0.256      0.225      0.912      0.721      0.864      0.408      0.038
     0.177      0.144      0.174      0.881      0.124      0.049      0.530      0.050      0.920      0.147
     0.377      0.195      0.068      0.751      0.363      0.760      0.739      0.696      0.181      0.640
     0.637      0.850      0.025      0.514      0.893      0.166      0.035      0.941      0.386      0.487
     0.466      0.402      0.826      0.646      0.745      0.912      0.934      0.092      0.179      0.378
     0.994      0.815      0.101      0.305      0.391      0.816      0.711      0.227      0.444      0.060
     0.728      0.049      0.016      0.285      0.198      0.683      0.697      0.403      0.165      0.752
     0.804      0.434      0.502      0.988      0.512      0.904      0.949      0.327      0.324      0.191
     0.296      0.885      0.048      0.249      0.849      0.194      0.897      0.551      0.598      0.245
     0.182      0.008      0.081      0.834      0.880      0.803      0.790      0.571      0.959      0.012
     0.337      0.706      0.901      0.015      0.432      0.953      0.388      0.890      0.722      0.293
     0.714      0.857      0.627      0.170      0.660      0.673      0.832      0.310      0.518      0.925
     0.859      0.764      0.060      0.590      0.366      0.331      0.123      0.616      0.288      0.749
     0.136      0.380      0.789      0.333      0.682      0.830      0.921      0.805      0.061      0.312
     0.754      0.033      0.796      0.722      0.102      0.866      0.148      0.051      0.587      0.883
     0.806      0.567      0.435      0.965      0.224      0.314      0.783      0.147      0.127      0.074
     0.092      0.547      0.793      0.566      0.283      0.286      0.300      0.387      0.503      0.157
     0.007      0.160      0.036      0.080      0.490      0.029      0.480      0.305      0.160      0.250
     0.502      0.391      0.903      0.478      0.981      0.565      0.987      0.938      0.100      0.313
     0.767      0.054      0.857      0.574      0.938      0.851      0.247      0.225      0.066      0.574
     0.497      0.380      0.894      0.105      0.388      0.465      0.174      0.171      0.552      0.303
     0.971      0.971      0.448      0.517      0.445      0.362      0.484      0.153      0.316      0.233
     0.000      0.064      0.905      0.061      0.401      0.481      0.585      0.899      0.531      0.238
     0.435      0.836      0.841      0.969      0.847      0.638      0.330      0.660      0.660      0.478
     0.530      0.773      0.921      0.915      0.507      0.182      0.650      0.283      0.261      0.249
     0.193      0.792      0.263      0.920      0.934      0.625      0.373      0.778      0.410      0.888
     0.749      0.760      0.956      0.340      0.766      0.572      0.093      0.671      0.547      0.243
     0.701      0.123      0.734      0.042      0.710      0.333      0.197      0.597      0.547      0.545
     0.866      0.108      0.741      0.999      0.799      0.902      0.607      0.785      0.295      0.068
     0.265      0.987      0.650      0.677      0.006      0.803      0.010      0.862      0.754      0.247
     0.610      0.071      0.556      0.059      0.176      0.610      0.833      0.148      0.143      0.984
     0.850      0.873      0.706      0.730      0.080      0.965      0.764      0.274      0.007      0.176
     0.367      0.583      0.043      0.750      0.623      0.014      0.943      0.240      0.996      0.907
     0.631      0.004      0.268      0.741      0.375      0.535      0.076      0.122      0.764      0.219
     0.602      0.830      0.983      0.547      0.694      0.760      0.488      0.712      0.252      0.408
     0.342      0.460      0.058      0.405      0.587      0.936      0.056      0.636      0.264      0.347
     0.812      0.131      0.444      0.860      0.422      0.151      0.042      0.558      0.641      0.561
     0.297      0.890      0.715      0.981      0.187      0.500      0.127      0.559      0.254      0.302
     0.112      0.793      0.609      0.453      0.757      0.305      0.419      0.714      0.299      0.713
     0.116      0.547      0.776      0.133      0.804      0.570      0.579      0.246      0.486      0.565
     0.867      0.263      0.104      0.443      0.849      0.195      0.932      0.799      0.422      0.797
     0.672      0.345      0.660      0.217      0.661      0.575      0.623      0.551      0.967      0.733
     0.660      0.655      0.554      0.255      0.585      0.973      0.541      0.004      0.853      0.855
     0.323      0.535      0.392      0.910      0.781      0.630      0.047      0.254      0.082      0.345
     0.567      0.518      0.051      0.575      0.640      0.594      0.966      0.952      0.107      0.949
     0.725      0.355      0.310      0.263      0.073      0.561      0.490      0.507      0.335      0.202
     0.124      0.293      0.163      0.012      0.143      0.278      0.615      0.794      0.388      0.349
     0.234      0.629      0.952      0.264      0.904      0.711      0.116      0.016      0.754      0.551
     0.451      0.725      0.079      0.627      0.513      0.322      0.677      0.683      0.426      0.842
     0.623      0.067      0.139      0.979      0.669      0.769      0.699      0.839      0.094      0.948
     0.245      0.256      0.951      0.435      0.368      0.679      0.656      0.967      0.163      0.218
     0.169      0.796      0.611      0.038      0.993      0.888      0.932      0.960      0.480      0.530
     0.155      0.104      0.754      0.602      0.514      0.479      0.023      0.193      0.669      0.069
     0.864      0.221      0.098      0.907      0.711      0.273      0.709      0.082      0.603      0.076
     0.300      0.341      0.461      0.790      0.913      0.700      0.905      0.400      0.519      0.051
     0.127      0.273      0.877      0.203      0.598      0.926      0.909      0.471      0.358      0.600
     0.056      0.753      0.331      0.531      0.288      0.922      0.153      0.914      0.775      0.638
     0.765      0.268      0.718      0.021      0.829      0.490      0.973      0.170      0.813      0.511
     0.396      0.478      0.605      0.314      0.251      0.051      0.033      0.910      0.704      0.100
     0.761      0.689      0.221      0.479      0.594      0.293      0.671      0.634      0.907      0.328
     0.447      0.408      0.186      0.713      0.182      0.309      0.780      0.603      0.086      0.430
     0.482      0.259      0.023      0.856      0.150      0.998      0.227      0.489      0.381      0.729
     0.649      0.995      0.158      0.840      0.649      0.627      0.310      0.028      0.963      0.527
     0.315      0.391      0.630      0.138      0.755      0.899      0.998      0.922      0.218      0.593
     0.935      0.538      0.781      0.075      0.525      0.542      0.990      0.416      0.729      0.634
     0.980      0.504      0.393      0.309      0.317      0.626      0.317      0.036      0.022      0.501
     0.520      0.637      0.889      0.402      0.005      0.410      0.277      0.303      0.648      0.519
     0.696      0.902      0.424      0.789      0.795      0.613      0.005      0.117      0.736      0.501
     0.895      0.319      0.302      0.037      0.640      0.874      0.080      0.087      0.652      0.452
     0.489      0.910      0.455      0.276      0.438      0.747      0.526      0.824      0.832      0.179
     0.230      0.861      0.514      0.171      0.267      0.645      0.964      0.753      0.110      0.360
     0.188      0.899      0.532      0.749      0.620      0.236      0.430      0.152      0.488      0.115
     0.010      0.092      0.623      0.269      0.192      0.702      0.745      0.281      0.773      0.466
